Customer_ID,Number_Of_Purchases,Total_Quantity,Sales_Revenue,Average_Purchase,Age,Gender,Location,Join_Date,Total_Spent
2001,26,84,3332.54,128.17461538461538,45,Female,Jacksonville,2022-03-20,9757.66
2002,26,82,3647.68,140.29538461538462,50,Male,San Antonio,2023-10-05,10921.86
2003,23,61,2658.59,115.5908695652174,63,Female,New York,2023-01-25,7032.84
2004,3,7,229.5,76.5,52,Male,Philadelphia,2024-11-30,487.76
2005,21,78,2726.1800000000003,129.81809523809525,60,Female,San Jose,2024-06-02,9999.42
2006,10,28,859.53,85.953,25,Female,Dallas,2023-10-05,2277.79
2007,14,39,760.73,54.337857142857146,38,Female,Jacksonville,2023-09-26,1906.8
2008,14,39,1889.6100000000001,134.97214285714287,30,Female,Austin,2023-08-29,5564.58
2009,10,20,706.54,70.654,29,Female,San Antonio,2024-02-16,1370.33
2010,13,35,1325.86,101.98923076923076,31,Female,San Jose,2022-01-01,3747.72
2011,20,60,3335.79,166.7895,46,Male,Dallas,2023-10-22,10127.04
2012,11,27,849.94,77.26727272727273,68,Male,Austin,2024-08-27,2067.94
2013,33,110,4775.88,144.72363636363636,60,Female,Los Angeles,2022-06-23,16416.88
2014,9,23,602.09,66.89888888888889,32,Male,Chicago,2023-04-27,1481.25
2015,26,79,3708.22,142.62384615384616,48,Male,San Diego,2022-02-20,11075.41
2016,3,5,168.91,56.303333333333335,54,Male,Jacksonville,2024-04-28,211.95
2017,21,67,2827.73,134.6538095238095,33,Male,Austin,2024-02-26,8129.1
2018,4,8,302.31,75.5775,67,Male,San Antonio,2022-01-12,766.41
2019,16,46,1745.56,109.0975,62,Female,New York,2023-03-25,3900.89
2020,5,8,412.15999999999997,82.43199999999999,25,Female,Chicago,2023-05-26,616.82
2021,14,40,1040.5,74.32142857142857,53,Female,San Diego,2024-08-09,3063.71
2022,21,69,3348.08,159.43238095238095,53,Female,Chicago,2024-10-30,10914.07
2023,23,63,2977.97,129.4769565217391,66,Male,Austin,2024-08-30,7636.95
2024,10,23,896.85,89.685,51,Female,Austin,2023-07-22,2222.16
2025,21,70,2609.96,124.28380952380952,22,Female,Houston,2023-05-05,9581.43
2026,16,46,2322.48,145.155,52,Male,Chicago,2023-07-11,6040.34
2027,14,43,1577.59,112.68499999999999,62,Male,Jacksonville,2022-11-05,4855.85
2028,19,61,2778.82,146.25368421052633,44,Female,Dallas,2023-03-15,9235.07
2029,19,63,2839.78,149.4621052631579,31,Female,San Antonio,2024-08-12,9303.69
2030,2,2,104.8,52.4,66,Female,San Diego,2022-02-10,104.8
2031,7,15,518.22,74.03142857142858,37,Female,San Antonio,2022-01-13,965.17
2032,31,90,4629.83,149.34935483870967,35,Female,San Diego,2023-03-28,12927.33
2033,17,47,2357.63,138.68411764705883,60,Female,Jacksonville,2022-03-01,6947.16
2034,7,15,676.24,96.60571428571428,26,Male,San Antonio,2022-12-05,1351.9
2035,13,32,1773.6399999999999,136.43384615384613,45,Male,San Diego,2022-02-25,4438.05
2036,23,57,3806.86,165.51565217391305,42,Female,Houston,2023-01-08,9018.74
2037,27,90,3366.46,124.6837037037037,66,Female,Phoenix,2024-07-20,10311.79
2038,20,50,2757.41,137.8705,23,Female,New York,2024-05-13,6220.96
2039,5,12,300.68,60.136,40,Male,Austin,2022-04-17,696.38
2040,20,47,1566.39,78.3195,59,Male,New York,2022-05-21,3761.79
2041,27,72,3297.88,122.14370370370371,19,Male,Houston,2023-05-22,9054.94
2042,23,68,3034.73,131.94478260869565,25,Male,San Diego,2022-09-16,9622.01
2043,11,24,793.88,72.17090909090909,28,Male,Chicago,2023-06-09,2010.13
2044,26,72,3730.48,143.48,19,Female,San Jose,2023-09-30,10930.03
2045,21,64,2594.1,123.52857142857142,63,Male,Los Angeles,2024-02-08,8137.4
2046,22,67,3151.23,143.23772727272728,67,Female,Austin,2023-05-13,9709.05
2047,9,23,608.29,67.58777777777777,54,Male,Philadelphia,2022-09-05,1566.61
2048,26,89,3724.45,143.24807692307692,41,Male,Dallas,2024-12-27,12178.27
2049,14,43,2658.68,189.90571428571428,44,Female,Los Angeles,2023-11-30,7644.75
2050,4,7,282.0,70.5,58,Female,Jacksonville,2024-06-06,446.68
2051,24,71,2583.5,107.64583333333333,64,Female,San Jose,2022-11-10,7640.69
2052,16,45,2414.36,150.8975,70,Female,Philadelphia,2024-09-17,5972.53
2053,5,11,352.01,70.402,23,Female,San Diego,2023-05-18,782.14
2054,11,19,859.54,78.14,54,Female,Philadelphia,2023-05-15,1306.87
2055,34,107,4939.14,145.26882352941178,38,Male,San Diego,2022-02-28,16525.91
2056,26,70,4068.27,156.47192307692308,34,Female,Phoenix,2023-03-11,11565.67
2057,18,56,2110.13,117.22944444444445,51,Male,Los Angeles,2023-07-20,6764.82
2058,8,20,544.6800000000001,68.08500000000001,49,Male,Jacksonville,2023-05-10,1175.52
2059,3,7,171.17,57.056666666666665,49,Female,New York,2024-09-02,456.43
2060,23,74,3435.02,149.34869565217392,43,Male,Phoenix,2022-07-10,10774.7
2061,18,50,2387.44,132.63555555555556,51,Female,San Antonio,2024-01-26,6920.43
2062,31,96,3606.58,116.34129032258065,47,Female,Phoenix,2023-11-09,11559.4
2063,20,57,2620.58,131.029,64,Male,Philadelphia,2023-05-30,7845.27
2064,8,24,667.92,83.49,66,Male,Houston,2022-09-02,2022.1
2065,6,15,203.06,33.843333333333334,35,Female,Los Angeles,2023-03-20,530.64
2066,22,81,2826.95,128.49772727272727,41,Male,Phoenix,2023-02-02,9820.36
2067,5,11,438.17,87.634,26,Female,New York,2022-01-29,804.14
2068,25,70,3486.58,139.4632,62,Male,Austin,2022-04-22,9942.97
2069,18,53,2210.9,122.82777777777778,18,Female,San Diego,2024-10-02,6711.58
2070,18,39,1950.27,108.34833333333333,29,Male,Phoenix,2024-09-07,4359.57
2071,23,72,2614.5299999999997,113.67521739130434,22,Female,San Diego,2024-09-05,9008.47
2072,25,78,3590.2599999999998,143.6104,61,Male,Chicago,2022-06-01,11937.79
2073,5,12,423.79999999999995,84.75999999999999,37,Male,Houston,2022-11-02,934.44
2074,19,59,2479.37,130.49315789473684,44,Male,Dallas,2022-08-31,7780.53
2075,21,62,2686.79,127.94238095238094,46,Female,San Jose,2024-02-19,7967.21
2076,20,55,2814.06,140.703,57,Male,San Jose,2024-05-28,7647.93
2077,11,21,871.07,79.18818181818182,31,Male,Phoenix,2022-07-23,1824.28
2078,18,61,2350.72,130.59555555555553,29,Male,Chicago,2022-06-16,7617.91
2079,28,78,3557.81,127.06464285714286,62,Female,Phoenix,2022-01-06,10761.05
2080,17,48,2502.27,147.19235294117647,63,Female,Jacksonville,2022-03-08,7181.53
2081,13,43,1874.05,144.15769230769232,32,Female,Austin,2024-07-18,6621.17
2082,14,44,2032.81,145.20071428571427,52,Male,Austin,2023-02-10,6495.71
2083,10,20,750.89,75.089,70,Male,Los Angeles,2022-11-02,1527.01
2084,28,79,3695.5299999999997,131.98321428571427,37,Female,San Diego,2022-05-03,10955.51
2085,29,91,4418.93,152.37689655172414,37,Female,Phoenix,2022-09-12,13561.06
2086,25,85,3833.43,153.3372,46,Male,San Jose,2024-10-21,13247.88
2087,8,16,676.5,84.5625,65,Female,San Jose,2022-03-23,1335.67
2088,19,60,2979.87,156.83526315789473,32,Male,Austin,2023-05-28,9738.24
2089,23,64,3186.66,138.55043478260868,66,Male,San Diego,2023-07-06,9297.5
2090,9,22,682.72,75.85777777777778,35,Male,San Jose,2024-11-28,1632.04
2091,8,18,627.29,78.41125,49,Male,San Diego,2024-06-11,1563.48
2092,16,35,2115.68,132.23,38,Male,Chicago,2023-12-14,5145.29
2093,37,130,4356.77,117.75054054054056,49,Female,Austin,2023-11-07,15359.78
2094,8,17,767.96,95.995,53,Male,San Diego,2024-03-31,1670.65
2095,13,40,1708.97,131.45923076923077,38,Male,San Antonio,2022-06-30,5584.1
2096,3,7,295.06,98.35333333333334,18,Female,San Antonio,2024-11-19,693.72
2097,19,53,2168.44,114.12842105263158,41,Female,Austin,2022-04-22,6250.36
2098,9,20,667.1,74.12222222222222,31,Female,Dallas,2024-06-24,1478.66
2099,4,8,333.17,83.2925,46,Female,Los Angeles,2022-09-26,665.81
2100,2,6,131.53,65.765,56,Male,Jacksonville,2022-03-01,394.59
2101,24,80,2558.06,106.58583333333333,18,Female,Los Angeles,2022-11-21,8359.36
2102,9,22,612.88,68.09777777777778,25,Female,Los Angeles,2023-04-06,1574.62
2103,19,51,1919.9099999999999,101.0478947368421,63,Female,Dallas,2022-11-12,5774.79
2104,17,48,1816.83,106.87235294117647,48,Female,Houston,2023-07-14,4840.69
2105,22,59,3126.3,142.10454545454547,42,Male,San Jose,2024-07-24,8492.59
2106,15,36,1326.46,88.43066666666667,26,Male,Phoenix,2024-11-06,3142.31
2107,22,54,2205.02,100.22818181818182,68,Female,New York,2024-04-29,5055.18
2108,9,30,706.8,78.53333333333333,55,Female,Chicago,2023-08-03,2204.49
2109,16,53,2534.15,158.384375,40,Female,Dallas,2024-07-03,7617.87
2110,20,59,2858.58,142.929,38,Male,Jacksonville,2024-02-12,8678.94
2111,12,42,1926.48,160.54,32,Female,New York,2023-05-05,6558.61
2112,6,12,419.22,69.87,63,Female,San Antonio,2023-10-14,790.49
2113,12,39,1325.3,110.44166666666666,20,Male,Dallas,2022-11-08,4201.57
2114,5,10,212.59,42.518,46,Male,Dallas,2023-11-11,374.04
2115,33,95,3407.7,103.26363636363635,27,Female,Austin,2024-07-24,9848.19
2116,22,60,2565.8,116.62727272727274,68,Female,Philadelphia,2022-11-13,7086.26
2117,15,33,933.24,62.216,39,Female,Philadelphia,2024-03-25,2317.0
2118,7,14,560.02,80.00285714285714,20,Male,Houston,2024-09-26,1150.09
2119,7,12,404.65999999999997,57.808571428571426,65,Male,San Antonio,2023-08-12,712.67
2120,7,23,477.22,68.17428571428572,63,Male,San Diego,2022-07-21,1624.34
2121,8,20,579.87,72.48375,19,Male,Philadelphia,2022-12-07,1509.08
2122,14,41,2196.89,156.92071428571427,41,Female,Chicago,2022-04-25,5489.69
2123,20,60,2642.17,132.1085,54,Male,Chicago,2023-05-16,7889.14
2124,21,62,2567.26,122.2504761904762,42,Male,San Diego,2022-12-25,7409.69
2125,24,79,3384.98,141.04083333333332,58,Female,San Diego,2022-10-21,11077.99
2126,8,20,725.6,90.7,69,Female,Phoenix,2023-06-07,1844.33
2127,20,50,2801.4,140.07,40,Female,Austin,2022-11-20,7773.53
2128,13,34,847.38,65.18307692307692,47,Female,Houston,2024-05-18,2184.48
2129,8,20,786.44,98.305,24,Male,San Antonio,2024-02-27,2072.39
2130,15,47,1742.2,116.14666666666668,62,Female,New York,2024-01-06,5277.47
2131,33,111,4266.0,129.27272727272728,54,Male,San Jose,2024-03-21,14277.97
2132,3,7,273.6,91.2,36,Male,San Jose,2024-10-14,593.66
2133,21,63,3173.73,151.13,30,Female,Austin,2023-12-23,9439.71
2134,11,28,648.66,58.96909090909091,58,Male,Phoenix,2022-10-08,1637.19
2135,19,61,3201.27,168.4878947368421,41,Male,Los Angeles,2024-06-21,10815.37
2136,20,66,2960.04,148.002,44,Male,Houston,2023-08-28,9705.38
2137,9,17,698.4,77.6,41,Female,Chicago,2022-09-28,1439.44
2138,3,5,236.04000000000002,78.68,48,Female,Jacksonville,2023-06-11,355.68
2139,8,16,474.90999999999997,59.363749999999996,47,Male,Chicago,2023-11-25,979.54
2140,6,12,569.69,94.94833333333334,64,Female,Dallas,2023-04-08,1186.51
2141,28,94,4022.98,143.67785714285714,43,Male,Phoenix,2024-01-20,12976.78
2142,15,43,2218.81,147.92066666666668,61,Female,San Jose,2022-09-11,6527.57
2143,4,7,189.98,47.495,41,Male,Austin,2024-02-20,357.4
2144,21,65,2561.32,121.96761904761905,57,Female,San Jose,2023-04-24,7711.08
2145,13,31,1067.16,82.08923076923078,58,Female,Jacksonville,2023-03-30,2400.08
2146,11,23,842.5600000000001,76.59636363636365,25,Male,New York,2023-09-11,1468.29
2147,20,63,2969.24,148.462,49,Male,Los Angeles,2022-03-18,8869.03
2148,5,14,299.4,59.879999999999995,26,Female,San Diego,2023-04-26,831.72
2149,11,24,665.6,60.50909090909091,65,Female,San Jose,2024-01-30,1656.33
2150,4,10,372.47,93.1175,59,Male,San Diego,2022-11-13,930.55
2151,4,8,329.6,82.4,35,Male,Jacksonville,2024-04-15,659.2
2152,29,79,4010.84,138.3048275862069,46,Male,Philadelphia,2024-01-29,10479.35
2153,5,9,492.28,98.45599999999999,41,Female,New York,2022-07-23,878.12
2154,26,82,3124.03,120.155,25,Female,Los Angeles,2024-03-26,9617.04
2155,4,10,420.97,105.2425,56,Male,New York,2023-03-11,1063.46
2156,16,41,1964.18,122.76125,26,Male,Los Angeles,2023-11-15,4945.7
2157,14,37,1824.72,130.33714285714285,70,Male,Philadelphia,2023-03-01,4645.76
2158,20,47,1421.43,71.0715,56,Male,Phoenix,2022-10-30,3678.18
2159,1,3,58.11,58.11,52,Female,Chicago,2022-10-24,174.33
2160,12,29,788.65,65.72083333333333,19,Male,New York,2022-08-14,2107.23
2161,7,13,576.42,82.34571428571428,33,Female,New York,2024-01-04,1184.33
2162,27,64,3205.62,118.72666666666666,26,Female,Dallas,2022-12-23,7872.57
2163,15,31,841.8199999999999,56.12133333333333,48,Female,Philadelphia,2022-08-21,1668.31
2164,21,68,2952.11,140.57666666666668,46,Male,San Jose,2024-11-17,9728.6
2165,8,20,478.68,59.835,60,Female,San Diego,2022-03-30,1228.51
2166,31,81,4016.31,129.5583870967742,48,Female,San Antonio,2022-03-05,10917.62
2167,24,70,3590.07,149.58625,46,Male,Los Angeles,2022-08-10,10861.53
2168,14,38,1222.38,87.31285714285715,22,Male,Phoenix,2023-10-22,3214.22
2169,14,41,1763.28,125.94857142857143,56,Female,San Diego,2023-10-28,5427.58
2170,8,17,787.29,98.41125,24,Male,Austin,2024-11-01,1762.15
2171,19,63,2293.39,120.70473684210526,32,Female,Philadelphia,2023-03-17,7876.0
2172,28,87,3023.42,107.97928571428572,64,Male,Philadelphia,2024-07-17,9737.7
2173,16,53,1738.01,108.625625,34,Female,Chicago,2024-05-24,5538.44
2174,16,45,2091.13,130.695625,23,Male,San Antonio,2024-08-29,5114.94
2175,15,30,1313.95,87.59666666666666,41,Male,Dallas,2022-07-17,2485.8
2176,22,74,2984.87,135.67590909090907,53,Female,Austin,2022-05-03,10687.66
2177,30,83,4067.8,135.59333333333333,60,Female,Jacksonville,2022-09-08,10331.7
2178,6,12,375.57,62.595,56,Female,Philadelphia,2022-04-16,730.99
2179,14,42,1629.64,116.40285714285714,31,Male,Austin,2022-08-01,5039.28
2180,17,54,1893.93,111.40764705882353,24,Female,Dallas,2024-09-14,6053.7
2181,15,42,2396.82,159.788,35,Male,San Antonio,2024-01-23,6354.16
2182,5,14,362.33,72.466,60,Female,New York,2022-02-23,1004.63
2183,27,93,2895.94,107.25703703703704,66,Female,Philadelphia,2023-01-05,10259.8
2184,23,69,2762.43,120.10565217391304,27,Female,Los Angeles,2023-12-20,8831.07
2185,13,37,1038.06,79.85076923076923,19,Male,Jacksonville,2022-10-18,2823.92
2186,15,48,2674.61,178.30733333333333,44,Female,Philadelphia,2024-12-22,8649.81
2187,25,70,3057.44,122.2976,64,Female,San Jose,2022-11-19,7544.8
2188,4,9,371.76,92.94,27,Male,San Jose,2022-06-23,726.32
2189,12,29,1227.74,102.31166666666667,35,Female,Austin,2022-04-12,3006.47
2190,18,61,2474.7599999999998,137.48666666666665,46,Female,Phoenix,2024-05-18,8562.21
2191,14,37,1254.39,89.59928571428573,25,Female,San Antonio,2023-03-18,3336.6
2192,20,64,3128.83,156.4415,61,Female,Dallas,2022-08-16,9770.13
2193,20,61,2685.89,134.2945,43,Male,New York,2023-09-24,8034.67
2194,14,33,1947.97,139.1407142857143,31,Male,Phoenix,2023-02-23,5143.15
2195,22,74,2519.38,114.51727272727273,18,Female,Jacksonville,2023-08-16,7721.73
2196,15,49,2501.46,166.764,42,Male,Dallas,2024-05-31,7955.0
2197,15,37,2269.37,151.2913333333333,65,Male,San Antonio,2023-12-27,5807.45
2198,29,89,3745.8,129.16551724137932,22,Female,San Jose,2022-02-08,11066.67
2199,26,79,3348.58,128.79153846153847,63,Female,Phoenix,2024-05-29,10802.11
2200,25,73,2767.31,110.69239999999999,38,Male,San Jose,2022-08-24,8541.24
2201,8,18,784.89,98.11125,41,Male,San Antonio,2024-07-31,1736.16
2202,20,54,3082.51,154.12550000000002,55,Female,Dallas,2022-08-05,8641.84
2203,25,65,4026.3599999999997,161.0544,37,Female,Houston,2022-06-11,10389.57
2204,6,18,444.3,74.05,22,Male,Dallas,2023-11-14,1188.39
2205,12,39,2079.04,173.25333333333333,67,Female,Philadelphia,2024-11-10,6818.44
2206,22,68,3114.84,141.58363636363637,27,Female,Houston,2022-10-30,9343.81
2207,10,25,795.8499999999999,79.585,66,Male,Chicago,2022-12-22,2048.77
2208,11,35,1275.53,115.95727272727272,54,Female,Austin,2024-10-08,4652.94
2209,9,18,630.15,70.01666666666667,58,Female,Chicago,2023-10-24,1307.94
2210,19,55,2721.17,143.21947368421053,46,Female,Phoenix,2024-06-19,7660.11
2211,23,60,3256.65,141.59347826086957,22,Female,San Diego,2022-04-26,7399.41
2212,29,93,4145.41,142.9451724137931,41,Female,Los Angeles,2024-07-14,13163.14
2213,3,4,138.65,46.21666666666667,50,Female,San Diego,2022-07-04,213.51
2214,16,48,2279.11,142.444375,69,Male,Philadelphia,2022-03-26,6507.16
2215,22,74,2432.77,110.58045454545454,21,Female,Los Angeles,2024-09-01,7962.46
2216,6,12,281.46000000000004,46.910000000000004,23,Male,New York,2023-12-05,584.99
2217,12,36,887.3,73.94166666666666,46,Male,Philadelphia,2023-05-23,2525.87
2218,5,9,305.04,61.008,42,Female,Philadelphia,2024-02-03,498.7
2219,7,16,553.72,79.10285714285715,59,Female,Los Angeles,2022-04-18,1147.84
2220,18,41,2576.54,143.14111111111112,61,Female,Phoenix,2023-11-07,6102.99
2221,19,47,1474.33,77.59631578947368,60,Male,Philadelphia,2023-06-01,3829.98
2222,23,73,2555.6,111.11304347826086,27,Female,Phoenix,2022-06-16,7783.82
2223,33,100,4818.68,146.02060606060607,63,Male,Phoenix,2024-03-13,15115.57
2224,9,20,716.01,79.55666666666667,39,Male,Austin,2024-02-11,1555.43
2225,22,68,3354.9,152.49545454545455,60,Female,Dallas,2024-12-14,10752.94
2226,27,86,3812.77,141.21370370370371,37,Male,Houston,2024-01-12,12624.96
2227,9,18,782.99,86.99888888888889,49,Male,Houston,2023-12-01,1575.1
2228,16,53,2141.7,133.85625,36,Male,Dallas,2022-10-09,7915.39
2229,18,50,2526.92,140.38444444444445,39,Male,San Jose,2024-12-14,7418.8
2230,22,58,3076.34,139.83363636363637,29,Male,Jacksonville,2024-02-11,8735.44
2231,25,69,3316.7599999999998,132.6704,41,Male,San Diego,2024-06-15,9247.06
2232,3,10,209.86,69.95333333333333,68,Female,Houston,2023-08-07,782.36
2233,24,78,2747.0099999999998,114.45875,69,Female,Houston,2024-12-29,8434.56
2234,7,15,557.85,79.69285714285715,54,Female,San Diego,2024-01-24,1292.67
2235,5,11,266.82,53.364,50,Female,Chicago,2023-08-01,526.98
2236,4,10,277.90999999999997,69.47749999999999,26,Female,New York,2023-02-13,687.82
2237,7,10,444.08000000000004,63.440000000000005,53,Male,Jacksonville,2024-09-11,586.45
2238,5,12,359.82000000000005,71.96400000000001,36,Male,Chicago,2024-11-22,893.44
2239,21,67,2358.61,112.31476190476191,50,Male,San Antonio,2023-07-13,7961.45
2240,5,10,197.92,39.583999999999996,32,Female,Philadelphia,2022-07-07,410.46
2241,22,67,2914.83,132.49227272727273,43,Female,Houston,2022-02-24,8639.97
2242,3,6,171.76999999999998,57.25666666666666,41,Male,New York,2024-03-01,343.54
2243,7,13,492.24,70.32000000000001,63,Female,Chicago,2023-10-15,855.83
2244,11,31,1522.98,138.4527272727273,48,Male,Jacksonville,2022-10-09,4402.87
2245,29,85,3739.41,128.9451724137931,18,Male,New York,2024-08-18,10715.18
2246,20,68,2388.22,119.41099999999999,27,Female,Los Angeles,2023-06-09,8386.09
2247,25,70,3025.91,121.0364,25,Male,Houston,2023-08-14,8632.38
2248,15,32,1275.63,85.042,57,Female,Los Angeles,2024-05-09,2658.6
2249,6,12,351.38,58.56333333333333,49,Male,Austin,2022-08-16,660.84
2250,19,59,2813.7,148.0894736842105,63,Male,Phoenix,2024-11-21,8930.43
2251,12,26,1314.7,109.55833333333334,40,Male,San Jose,2024-05-29,2200.44
2252,21,67,2972.15,141.53095238095239,60,Male,Dallas,2024-05-03,10624.3
2253,18,43,2205.38,122.52111111111111,51,Male,San Antonio,2024-01-09,5355.74
2254,18,58,2680.08,148.89333333333332,42,Female,Phoenix,2024-08-20,8248.59
2255,24,75,3137.0099999999998,130.70874999999998,22,Female,Houston,2022-02-03,9995.35
2256,6,14,468.16999999999996,78.02833333333332,65,Female,Chicago,2022-08-01,1009.52
2257,24,70,2981.38,124.22416666666668,39,Male,Austin,2022-04-01,8943.01
2258,5,13,471.98,94.396,48,Male,Chicago,2024-08-09,1324.32
2259,16,49,1270.8600000000001,79.42875000000001,47,Male,Phoenix,2022-05-10,3746.88
2260,14,32,1896.82,135.48714285714286,30,Male,Philadelphia,2023-02-17,4292.12
2261,25,76,3204.2,128.168,70,Female,Phoenix,2023-09-28,9040.88
2262,13,26,1007.57,77.50538461538461,30,Female,Philadelphia,2022-03-16,1842.82
2263,4,6,187.35,46.8375,39,Female,Los Angeles,2022-04-08,214.43
2264,18,52,2631.85,146.21388888888887,43,Female,San Antonio,2024-01-24,7023.55
2265,5,9,510.18,102.036,49,Female,Philadelphia,2023-11-26,984.21
2266,14,44,1602.0,114.42857142857143,23,Female,Los Angeles,2024-11-29,5051.58
2267,16,42,1204.97,75.310625,70,Male,Dallas,2024-05-31,3243.15
2268,34,119,4418.82,129.96529411764706,23,Female,Austin,2023-08-25,15893.8
2269,20,60,2644.49,132.22449999999998,56,Female,Chicago,2023-08-29,8100.04
2270,25,76,3133.95,125.35799999999999,20,Female,San Jose,2024-06-28,9721.29
2271,19,68,2129.0,112.05263157894737,68,Male,Los Angeles,2024-06-09,7897.12
2272,16,50,2073.76,129.61,69,Male,New York,2024-04-11,6109.96
2273,2,3,97.76,48.88,61,Female,New York,2022-10-20,120.49
2274,19,54,2513.85,132.3078947368421,67,Female,Philadelphia,2022-09-16,7091.29
2275,5,7,335.3,67.06,20,Male,Austin,2024-02-24,433.34
2276,9,22,850.29,94.47666666666666,41,Female,Los Angeles,2024-07-10,2086.55
2277,12,40,1521.77,126.81416666666667,43,Female,Austin,2022-10-09,5260.54
2278,22,77,2561.96,116.45272727272727,25,Male,Jacksonville,2023-07-25,9292.86
2279,13,41,1620.62,124.66307692307691,42,Male,Phoenix,2023-01-17,4952.84
2280,17,42,1246.58,73.32823529411765,31,Female,Jacksonville,2023-06-18,2843.97
2281,21,60,2119.36,100.92190476190477,26,Male,San Diego,2024-10-02,6422.41
2282,6,13,527.05,87.84166666666665,46,Male,Austin,2022-12-20,1251.0
2283,7,12,509.85,72.83571428571429,63,Male,Dallas,2023-10-17,859.42
2284,9,21,703.4,78.15555555555555,28,Male,Philadelphia,2023-08-18,1744.04
2285,20,59,2543.57,127.17850000000001,30,Male,Houston,2024-11-07,7455.94
2286,19,54,3178.61,167.29526315789474,53,Female,San Diego,2024-10-08,9195.35
2287,9,22,749.19,83.24333333333334,23,Male,Phoenix,2022-09-23,1872.2
2288,12,25,707.62,58.968333333333334,64,Female,Dallas,2024-03-26,1359.05
2289,10,28,843.92,84.392,70,Male,Chicago,2024-04-21,2411.15
2290,15,35,1132.51,75.50066666666666,46,Female,Austin,2023-10-12,2656.3
2291,30,84,3949.5299999999997,131.65099999999998,67,Male,Chicago,2024-11-25,11220.36
2292,22,66,2551.32,115.96909090909092,21,Male,Dallas,2024-06-05,7577.34
2293,25,81,3376.9,135.076,28,Female,Jacksonville,2022-11-10,11096.45
2294,15,51,1572.5,104.83333333333333,51,Female,Los Angeles,2023-04-07,5315.84
2295,12,37,1465.32,122.11,53,Female,Chicago,2023-05-29,4080.21
2296,4,10,385.86,96.465,23,Male,San Jose,2023-09-13,964.31
2297,18,58,2613.95,145.21944444444443,57,Female,San Jose,2022-11-12,8345.8
2298,2,5,125.51,62.755,19,Male,New York,2022-03-26,346.75
2299,5,13,400.68,80.136,67,Female,San Jose,2023-06-27,913.59
2300,16,41,1881.72,117.6075,58,Female,Austin,2022-03-04,5164.2
2301,27,100,3798.28,140.67703703703705,69,Female,Phoenix,2023-09-11,15117.93
2302,27,82,2705.56,100.20592592592592,21,Male,San Diego,2024-07-17,7957.2
2303,18,58,1938.56,107.69777777777777,31,Female,San Jose,2024-05-01,5991.0
2304,24,75,3367.75,140.32291666666666,63,Female,Jacksonville,2022-10-22,10444.04
2305,5,9,369.52,73.904,26,Female,Dallas,2023-12-09,712.38
2306,32,89,4900.35,153.1359375,47,Male,Phoenix,2022-08-06,13533.05
2307,21,60,2278.54,108.50190476190475,24,Male,Phoenix,2024-07-09,7089.35
2308,7,18,527.95,75.42142857142858,44,Male,Chicago,2024-02-26,1323.52
2309,4,7,324.98,81.245,64,Female,Houston,2023-11-02,552.85
2310,29,93,3625.37,125.01275862068965,50,Female,San Diego,2022-11-23,12418.5
2311,16,41,1502.62,93.91375,23,Female,Dallas,2023-09-24,4210.59
2312,5,8,273.78999999999996,54.757999999999996,31,Female,New York,2024-07-25,466.46
2313,30,89,4229.09,140.96966666666668,56,Female,Phoenix,2022-04-14,12386.48
2314,6,13,429.1,71.51666666666667,45,Male,Phoenix,2022-01-17,965.06
2315,8,16,554.31,69.28875,41,Male,San Antonio,2024-01-20,1267.18
2316,27,75,3128.5,115.87037037037037,30,Female,Dallas,2022-04-15,8551.84
2317,19,56,2963.8,155.98947368421054,50,Female,Dallas,2023-08-15,8848.48
2318,3,4,212.19,70.73,57,Male,Chicago,2023-07-27,253.63
2319,23,73,3554.73,154.55347826086955,68,Female,Dallas,2022-07-18,11214.23
2320,9,16,566.9499999999999,62.99444444444444,30,Female,Dallas,2024-01-19,842.94
2321,12,39,1517.8799999999999,126.49,26,Female,San Diego,2022-03-24,5097.03
2322,19,63,2692.15,141.6921052631579,56,Male,Philadelphia,2024-11-29,8638.51
2323,18,54,2197.37,122.0761111111111,57,Female,San Jose,2023-10-15,6624.28
2324,23,64,3514.84,152.8191304347826,50,Female,Jacksonville,2023-11-20,8895.71
2325,19,53,3000.92,157.94315789473686,19,Female,Philadelphia,2023-09-06,8405.17
2326,6,10,484.34000000000003,80.72333333333334,55,Female,Jacksonville,2022-08-13,873.73
2327,16,52,2095.72,130.9825,34,Male,Jacksonville,2022-02-24,6289.94
2328,21,63,2130.87,101.47,28,Female,Chicago,2022-04-16,6787.32
2329,21,68,2729.68,129.9847619047619,62,Male,Houston,2023-05-12,9712.72
2330,19,55,2312.2999999999997,121.69999999999999,44,Male,San Antonio,2022-02-08,7436.18
2331,23,67,3667.68,159.46434782608694,67,Female,Jacksonville,2023-02-22,10659.19
2332,11,25,883.71,80.33727272727273,51,Male,Dallas,2022-05-08,2030.13
2333,4,6,258.27,64.5675,48,Female,Philadelphia,2023-10-28,341.66
2334,21,60,3007.68,143.22285714285712,52,Female,Dallas,2022-12-21,8205.36
2335,17,38,1082.64,63.684705882352944,64,Female,San Jose,2023-12-27,2403.7
2336,23,70,2784.42,121.06173913043479,33,Female,Dallas,2024-09-18,8182.9
2337,20,55,2802.74,140.137,37,Female,Jacksonville,2023-09-04,7768.09
2338,7,15,655.35,93.62142857142858,49,Female,San Diego,2023-03-01,1482.4
2339,13,38,1815.63,139.66384615384615,68,Female,Phoenix,2023-12-16,5475.1
2340,14,36,2248.85,160.63214285714284,52,Female,San Antonio,2022-09-07,6139.36
2341,5,11,383.38,76.676,69,Male,Phoenix,2023-12-08,964.94
2342,13,41,1659.89,127.68384615384616,63,Male,Philadelphia,2022-03-28,4833.57
2343,8,24,540.6,67.575,65,Female,Houston,2024-06-24,1611.3
2344,7,14,671.72,95.96000000000001,35,Female,Chicago,2023-02-18,1169.8
2345,17,37,1536.64,90.39058823529412,55,Male,Houston,2022-08-12,3177.41
2346,16,37,1327.17,82.948125,51,Male,Austin,2022-04-14,3073.32
2347,21,64,3018.44,143.7352380952381,44,Female,Jacksonville,2023-04-22,9088.93
2348,20,62,2659.46,132.973,67,Male,New York,2024-08-25,8265.49
2349,12,39,1990.19,165.84916666666666,48,Female,Austin,2022-11-20,6429.01
2350,12,33,821.67,68.4725,36,Female,Phoenix,2023-02-13,2202.59
2351,9,21,595.53,66.17,23,Male,Dallas,2022-05-02,1361.9
2352,3,5,319.07,106.35666666666667,29,Female,Chicago,2022-03-18,577.91
2353,2,5,161.94,80.97,43,Female,Chicago,2022-03-16,444.38
2354,5,9,443.35,88.67,18,Female,San Jose,2023-08-16,932.49
2355,8,13,607.01,75.87625,39,Female,San Diego,2022-08-08,1115.44
2356,16,54,2001.65,125.103125,26,Female,Phoenix,2024-12-09,6547.83
2357,5,9,418.86,83.772,39,Male,Jacksonville,2023-01-30,914.1
2358,14,28,805.8,57.55714285714286,63,Male,New York,2024-07-28,1568.7
2359,8,20,439.81,54.97625,54,Male,Chicago,2023-11-22,968.29
2360,4,9,306.27,76.5675,50,Female,Los Angeles,2024-04-10,642.32
2361,9,20,642.77,71.41888888888889,29,Male,San Diego,2024-03-31,1482.81
2362,8,12,729.44,91.18,18,Female,San Antonio,2023-10-25,1040.35
2363,16,50,2112.95,132.059375,35,Female,Phoenix,2023-04-28,6976.53
2364,11,28,1793.78,163.07090909090908,41,Male,New York,2022-01-24,4502.74
2365,18,58,1800.8600000000001,100.04777777777778,28,Female,Austin,2022-08-31,5461.98
2366,7,15,522.53,74.64714285714285,63,Female,Jacksonville,2024-10-26,1018.06
2367,9,22,823.18,91.46444444444444,36,Female,San Jose,2022-08-29,2124.9
2368,24,77,2403.81,100.15875,26,Female,Chicago,2023-03-29,7761.13
2369,9,25,677.5,75.27777777777777,56,Female,San Antonio,2024-07-20,1697.45
2370,4,11,290.6,72.65,69,Male,Houston,2024-08-22,851.69
2371,25,72,2992.0,119.68,51,Female,Los Angeles,2022-06-17,8783.67
2372,19,48,2832.24,149.06526315789472,53,Male,San Jose,2022-08-18,7976.1
2373,15,44,1985.59,132.37266666666667,51,Female,Los Angeles,2022-11-03,6294.84
2374,12,29,1046.85,87.2375,49,Male,Dallas,2023-02-25,2234.74
2375,4,10,211.91,52.9775,47,Male,Dallas,2024-07-01,465.43
2376,23,63,2453.35,106.66739130434782,21,Female,Austin,2024-04-30,6412.1
2377,10,28,746.77,74.67699999999999,43,Female,New York,2023-09-24,2080.73
2378,21,69,2943.65,140.17380952380952,20,Female,Philadelphia,2023-03-23,9985.43
2379,16,54,2515.24,157.2025,21,Male,San Diego,2022-05-11,8499.14
2380,24,62,2553.2200000000003,106.38416666666667,29,Male,Austin,2022-03-06,6362.83
2381,14,38,2073.5,148.10714285714286,42,Female,San Antonio,2024-05-10,6557.23
2382,19,61,2570.77,135.3036842105263,60,Male,Austin,2024-02-09,8252.95
2383,32,98,4891.33,152.8540625,52,Female,Dallas,2023-12-14,14150.12
2384,8,19,662.6,82.825,32,Male,New York,2022-09-18,1559.62
2385,16,41,2396.15,149.759375,64,Female,Dallas,2023-09-04,6184.62
2386,9,24,762.5799999999999,84.7311111111111,33,Female,Philadelphia,2024-02-16,2064.42
2387,21,55,2720.05,129.5261904761905,64,Male,New York,2022-11-14,7181.15
2388,9,28,682.53,75.83666666666666,19,Male,Houston,2024-05-08,2306.23
2389,17,47,2033.99,119.64647058823529,20,Female,San Jose,2022-05-18,5507.71
2390,20,55,2204.97,110.24849999999999,20,Female,San Diego,2022-04-10,5212.82
2391,24,76,3586.69,149.44541666666666,66,Male,Chicago,2023-04-25,10120.23
2392,7,17,472.27,67.46714285714286,32,Female,San Jose,2024-10-28,1195.59
2393,26,77,3414.78,131.33769230769232,27,Male,San Antonio,2023-10-19,10406.98
2394,26,66,4278.86,164.57153846153844,53,Male,Austin,2023-09-08,9963.58
2395,28,87,3306.45,118.08749999999999,21,Female,Austin,2024-05-24,10475.95
2396,15,36,1130.81,75.38733333333333,38,Female,San Antonio,2024-02-20,2579.27
2397,23,68,2377.3,103.3608695652174,29,Female,Houston,2022-11-02,7233.94
2398,15,46,2170.77,144.718,63,Male,San Diego,2023-04-07,6781.81
2399,21,47,2981.42,141.97238095238095,44,Male,San Antonio,2022-04-29,6812.54
2400,16,59,1824.29,114.018125,39,Male,San Diego,2023-05-13,6485.73
2401,24,55,2528.4,105.35000000000001,64,Male,New York,2024-01-30,5717.73
2402,20,56,2558.93,127.94649999999999,56,Male,Los Angeles,2023-07-04,7099.35
2403,6,11,571.5,95.25,55,Male,San Diego,2023-01-21,972.4
2404,2,3,142.76,71.38,39,Female,New York,2023-03-04,216.13
2405,6,9,579.33,96.555,65,Male,Jacksonville,2023-03-10,897.2
2406,9,14,861.1,95.67777777777778,62,Male,San Antonio,2024-09-07,1307.17
2407,22,65,2287.98,103.99909090909091,67,Female,San Antonio,2023-05-06,6246.86
2408,17,52,2542.88,149.58117647058825,40,Female,Phoenix,2024-08-12,7683.73
2409,30,79,4388.62,146.28733333333332,49,Female,Los Angeles,2024-01-07,12195.21
2410,10,29,852.0,85.2,38,Male,Philadelphia,2024-08-19,2542.28
2411,13,40,1647.08,126.69846153846153,54,Male,Jacksonville,2023-10-03,4531.03
2412,18,57,2338.19,129.89944444444444,53,Female,Phoenix,2022-10-26,8194.14
2413,17,50,2007.77,118.10411764705883,32,Female,San Jose,2022-11-09,6165.88
2414,19,52,1592.98,83.84105263157895,59,Female,Phoenix,2023-05-19,4196.46
2415,6,12,410.82,68.47,59,Female,San Diego,2024-09-27,729.8
2416,5,19,496.53,99.306,40,Male,Chicago,2022-12-11,1896.23
2417,22,66,2268.31,103.105,52,Male,Dallas,2024-09-27,6399.71
2418,3,5,251.06,83.68666666666667,22,Male,New York,2022-03-11,491.56
2419,21,61,2758.16,131.3409523809524,58,Male,Los Angeles,2024-04-24,7929.29
2420,21,60,3033.2799999999997,144.44190476190474,50,Female,Philadelphia,2022-11-06,8433.04
2421,9,23,719.27,79.91888888888889,60,Female,Austin,2022-05-04,2021.38
2422,9,30,1221.01,135.6677777777778,52,Female,New York,2024-09-26,3821.91
2423,19,68,2695.65,141.8763157894737,35,Female,New York,2022-02-04,9792.87
2424,3,6,157.56,52.52,61,Female,Chicago,2024-10-25,318.59
2425,10,19,798.76,79.876,51,Male,Houston,2022-08-08,1464.81
2426,12,31,1091.98,90.99833333333333,34,Female,Phoenix,2023-01-29,2910.0
2427,23,68,3095.13,134.5708695652174,43,Female,San Jose,2024-03-23,9492.46
2428,5,12,345.15999999999997,69.032,32,Female,Austin,2023-05-14,837.09
2429,13,30,1053.23,81.01769230769231,59,Male,Los Angeles,2022-06-15,2494.08
2430,24,76,3054.55,127.27291666666667,53,Female,New York,2024-04-10,10393.47
2431,6,11,519.01,86.50166666666667,23,Female,San Antonio,2022-01-20,901.87
2432,12,34,1273.69,106.14083333333333,24,Male,Houston,2023-11-10,4256.76
2433,7,17,611.4499999999999,87.35,62,Female,Phoenix,2023-03-09,1479.56
2434,1,1,64.92,64.92,61,Female,Dallas,2022-04-06,64.92
2435,18,50,3086.95,171.4972222222222,38,Male,Houston,2022-03-09,8080.4
2436,13,34,1026.73,78.97923076923077,63,Female,Los Angeles,2022-10-23,2589.94
2437,19,58,2898.21,152.53736842105263,33,Female,Austin,2023-09-05,8874.8
2438,22,77,3041.66,138.25727272727272,65,Male,Jacksonville,2023-11-11,10917.27
2439,28,78,3861.79,137.92107142857142,40,Male,Los Angeles,2022-06-10,10796.16
2440,30,99,3820.77,127.359,22,Female,San Jose,2024-06-14,11885.84
2441,8,14,577.15,72.14375,38,Male,Austin,2024-03-23,1084.48
2442,5,17,378.98,75.796,46,Female,Houston,2023-07-14,1161.85
2443,24,76,3180.29,132.51208333333332,42,Female,Chicago,2023-12-30,9846.5
2444,22,54,2999.35,136.33409090909092,57,Female,Houston,2024-02-18,6709.28
2445,16,38,2002.76,125.1725,27,Female,Jacksonville,2022-05-31,4671.37
2446,7,21,300.24,42.89142857142857,38,Female,Los Angeles,2022-11-12,869.97
2447,22,54,3275.16,148.8709090909091,37,Female,Philadelphia,2022-07-07,8502.69
2448,24,67,2901.34,120.88916666666667,23,Male,San Antonio,2023-07-07,8093.98
2449,22,66,2463.88,111.99454545454546,50,Female,Los Angeles,2024-07-08,7558.28
2450,28,80,3241.0,115.75,53,Male,San Jose,2022-02-23,8586.9
2451,6,15,429.33000000000004,71.555,18,Female,San Antonio,2023-10-27,1146.04
2452,8,21,366.40999999999997,45.801249999999996,64,Male,San Jose,2024-03-05,1005.69
2453,24,70,3162.13,131.75541666666666,42,Male,Chicago,2024-12-03,9061.53
2454,19,54,2731.95,143.78684210526316,49,Male,Los Angeles,2023-07-05,8336.41
2455,15,42,2127.93,141.862,44,Female,San Diego,2022-12-09,4982.24
2456,31,103,4319.7,139.34516129032258,33,Female,San Jose,2022-06-07,13561.13
2457,24,87,3250.07,135.41958333333335,26,Female,New York,2023-02-05,11759.48
2458,20,54,3010.36,150.518,57,Female,Philadelphia,2024-03-21,8352.16
2459,26,73,3234.55,124.40576923076924,70,Male,Phoenix,2024-06-20,8468.43
2460,11,29,932.3,84.75454545454545,62,Male,San Diego,2023-10-19,2435.4
2461,26,81,3679.12,141.5046153846154,43,Female,Phoenix,2023-10-06,11053.48
2462,2,4,96.55,48.275,68,Male,Philadelphia,2024-10-02,139.59
2463,23,58,3017.73,131.20565217391305,68,Female,Philadelphia,2024-02-10,7277.15
2464,4,7,386.69,96.6725,30,Male,Austin,2022-08-22,658.76
2465,6,13,446.47999999999996,74.41333333333333,47,Male,San Diego,2022-02-25,1084.47
2466,12,29,784.08,65.34,22,Female,Austin,2023-08-20,1862.08
2467,21,65,3655.32,174.06285714285715,37,Male,Phoenix,2024-10-19,12279.18
2468,11,30,713.08,64.82545454545455,68,Female,Los Angeles,2022-11-12,2079.29
2469,3,9,279.82,93.27333333333333,48,Female,Dallas,2024-07-08,839.46
2470,10,19,772.18,77.21799999999999,62,Female,Dallas,2024-11-03,1477.59
2471,10,23,742.0699999999999,74.207,41,Male,Los Angeles,2022-03-17,1868.29
2472,13,38,930.89,71.60692307692308,40,Male,Austin,2023-05-24,2597.24
2473,25,85,2973.1800000000003,118.92720000000001,59,Female,Philadelphia,2022-04-01,10473.07
2474,17,61,2137.45,125.73235294117646,24,Female,Houston,2024-05-31,8318.89
2475,10,33,653.84,65.384,53,Male,San Diego,2024-11-11,2183.38
2476,21,69,2586.0299999999997,123.1442857142857,67,Male,Philadelphia,2024-02-06,9411.12
2477,24,64,3409.31,142.05458333333334,36,Female,Los Angeles,2022-02-20,9591.26
2478,4,5,311.65,77.9125,64,Male,Philadelphia,2022-08-26,386.68
2479,19,51,2707.36,142.49263157894737,68,Male,Dallas,2023-10-01,7546.35
2480,14,41,1418.79,101.34214285714286,24,Female,Jacksonville,2024-09-16,4062.16
2481,30,93,3959.39,131.97966666666667,37,Male,Jacksonville,2024-07-15,12275.68
2482,21,70,2854.21,135.91476190476192,39,Male,Austin,2022-08-24,9806.88
2483,2,3,188.88,94.44,65,Male,Dallas,2022-12-03,299.64
2484,35,110,4137.81,118.22314285714288,39,Female,San Diego,2022-12-24,14513.97
2485,7,23,598.84,85.54857142857144,58,Male,Chicago,2023-04-20,1946.89
2486,25,88,2736.9700000000003,109.4788,65,Male,San Diego,2024-06-04,9954.19
2487,16,47,2082.2,130.1375,63,Male,Houston,2024-05-29,5712.7
2488,11,26,573.26,52.11454545454546,69,Male,San Jose,2023-07-25,1348.26
2489,11,24,747.13,67.92090909090909,52,Male,Philadelphia,2022-07-28,1612.29
2490,19,46,2511.1,132.16315789473683,25,Female,Austin,2023-10-30,6129.82
2491,20,49,2901.19,145.0595,58,Female,San Jose,2024-09-29,6896.47
2492,8,20,623.46,77.9325,55,Male,Philadelphia,2024-03-06,1433.39
2493,4,11,337.65,84.4125,57,Male,Austin,2023-12-22,917.22
2494,7,12,375.41,53.63,55,Male,Austin,2023-09-02,629.13
2495,27,83,3041.9500000000003,112.66481481481482,33,Female,Los Angeles,2022-10-02,9410.08
2496,23,85,2895.45,125.8891304347826,27,Female,San Antonio,2023-01-10,10825.73
2497,17,53,2260.47,132.96882352941176,45,Male,San Diego,2022-10-10,7599.49
2498,20,57,2650.4,132.52,49,Female,Chicago,2022-12-21,6820.46
2499,12,30,1669.48,139.12333333333333,46,Male,Philadelphia,2023-01-19,4498.44
2500,26,83,3501.43,134.67038461538462,30,Female,Dallas,2022-01-20,11254.91
2501,10,27,729.55,72.955,44,Female,San Antonio,2024-11-01,2148.25
2502,34,101,3813.5499999999997,112.16323529411764,23,Male,Houston,2024-06-28,11423.5
2503,17,47,2375.04,139.70823529411766,32,Female,Chicago,2023-08-22,6556.06
2504,15,37,2519.02,167.93466666666666,67,Female,Dallas,2024-07-25,6580.81
2505,22,71,2536.11,115.27772727272728,25,Female,Dallas,2024-11-12,8415.85
2506,25,63,3255.23,130.2092,66,Male,Jacksonville,2024-01-22,7767.11
2507,25,78,3130.04,125.2016,45,Male,Jacksonville,2024-06-22,10522.57
2508,22,67,3069.79,139.5359090909091,20,Female,Phoenix,2023-05-22,9280.69
2509,2,6,188.42,94.21,23,Female,Los Angeles,2023-12-15,565.26
2510,21,64,2636.86,125.56476190476191,65,Female,Jacksonville,2023-05-01,6951.76
2511,19,52,2241.41,117.96894736842104,26,Male,Houston,2024-05-26,6035.83
2512,37,106,5251.49,141.93216216216214,52,Female,San Jose,2022-05-02,14991.68
2513,15,54,2231.71,148.78066666666666,63,Female,Phoenix,2022-12-11,7942.39
2514,9,18,776.93,86.32555555555555,50,Male,Chicago,2023-07-02,1695.3
2515,5,11,351.54,70.308,35,Male,Jacksonville,2024-04-22,807.3
2516,17,56,2079.29,122.31117647058824,63,Female,Houston,2022-09-29,7281.18
2517,26,72,3875.64,149.06307692307692,54,Female,Austin,2024-03-15,10252.94
2518,29,92,3739.5299999999997,128.94931034482758,22,Male,San Antonio,2024-04-28,11999.86
2519,2,7,192.63,96.315,62,Female,San Diego,2024-11-21,652.91
2520,11,46,1062.94,96.6309090909091,18,Male,Jacksonville,2024-09-26,4188.21
2521,18,52,1463.75,81.31944444444444,62,Female,Los Angeles,2024-07-27,4413.87
2522,14,41,1645.15,117.51071428571429,45,Male,San Diego,2024-12-30,5346.52
2523,17,48,2879.29,169.37,36,Female,Dallas,2023-07-04,8492.05
2524,27,76,3332.68,123.43259259259258,49,Female,Austin,2022-09-25,9350.07
2525,24,73,2899.74,120.82249999999999,58,Female,New York,2022-04-10,9354.72
2526,12,22,769.37,64.11416666666666,28,Female,San Diego,2022-09-12,1404.99
2527,5,10,427.07,85.414,45,Male,Jacksonville,2022-01-02,871.62
2528,6,11,516.18,86.02999999999999,37,Male,Phoenix,2022-09-28,895.05
2529,10,31,556.99,55.699,34,Male,Philadelphia,2022-07-11,1608.31
2530,19,56,2369.14,124.69157894736841,58,Female,Jacksonville,2022-12-05,7598.85
2531,33,80,4723.25,143.12878787878788,23,Male,New York,2023-04-25,11340.33
2532,12,33,1508.03,125.66916666666667,26,Male,Dallas,2023-03-14,4229.52
2533,18,55,2972.54,165.14111111111112,62,Female,Los Angeles,2024-06-30,9237.15
2534,3,7,148.25,49.416666666666664,48,Male,Houston,2024-05-14,262.63
2535,12,37,1468.77,122.3975,69,Male,Los Angeles,2024-02-24,4247.18
2536,20,68,2529.06,126.453,37,Male,San Antonio,2023-10-04,8793.31
2537,7,22,553.11,79.01571428571428,61,Male,Los Angeles,2022-09-30,1843.98
2538,21,60,2732.2,130.1047619047619,57,Male,San Diego,2024-12-22,7837.96
2539,10,23,675.52,67.55199999999999,58,Male,San Antonio,2023-12-21,1468.64
2540,7,14,603.5,86.21428571428571,23,Male,Chicago,2024-06-25,1114.35
2541,18,51,2223.57,123.53166666666668,42,Female,San Antonio,2022-09-10,5790.68
2542,20,63,1497.4299999999998,74.8715,33,Female,Austin,2023-10-07,4652.05
2543,18,65,2083.22,115.73444444444443,56,Female,Jacksonville,2022-06-22,7839.57
2544,13,28,1218.01,93.69307692307692,60,Female,Houston,2022-02-24,2696.71
2545,7,21,624.05,89.14999999999999,30,Female,Phoenix,2024-11-26,2003.82
2546,4,10,243.75,60.9375,68,Male,San Diego,2022-04-22,592.9
2547,26,79,3269.73,125.75884615384615,49,Male,Dallas,2024-03-01,10043.41
2548,2,4,179.75,89.875,38,Male,San Antonio,2022-01-25,414.97
2549,15,43,1675.33,111.68866666666666,61,Male,San Diego,2024-05-11,4869.14
2550,19,57,2027.03,106.68578947368421,22,Male,Phoenix,2022-05-30,6197.34
2551,27,72,3987.48,147.68444444444444,21,Female,Dallas,2023-03-18,11130.15
2552,11,24,868.11,78.91909090909091,50,Female,San Antonio,2023-08-10,1747.22
2553,27,79,3484.89,129.07,52,Male,Phoenix,2024-04-03,9775.55
2554,20,54,2960.91,148.0455,50,Male,Chicago,2022-06-21,8270.12
2555,28,94,4036.29,144.15321428571428,58,Male,Phoenix,2023-11-01,13464.12
2556,9,23,829.74,92.19333333333333,33,Male,Houston,2024-06-14,2080.53
2557,4,8,321.92,80.48,25,Female,San Jose,2022-06-26,696.32
2558,22,57,2584.3,117.46818181818183,65,Male,Los Angeles,2022-04-23,6214.43
2559,7,19,486.11,69.44428571428571,62,Male,Chicago,2022-01-26,1423.14
2560,4,8,308.23,77.0575,51,Female,Chicago,2024-10-13,564.39
2561,21,67,2619.6,124.74285714285713,67,Female,Jacksonville,2024-02-01,8611.2
2562,14,35,1185.23,84.65928571428572,19,Female,San Antonio,2022-08-30,2984.46
2563,15,41,2151.14,143.40933333333334,34,Male,San Diego,2023-07-12,6481.21
2564,16,41,1966.0,122.875,21,Female,San Jose,2024-07-21,5647.22
2565,35,98,5133.0599999999995,146.65885714285713,34,Male,San Jose,2022-12-08,14034.04
2566,36,100,4459.48,123.87444444444444,50,Male,New York,2022-08-25,13101.7
2567,14,40,1844.5300000000002,131.75214285714287,48,Female,San Antonio,2022-01-26,5354.13
2568,19,57,1920.4099999999999,101.07421052631578,20,Female,Houston,2022-11-04,6390.0
2569,30,91,4369.97,145.66566666666668,64,Female,Phoenix,2023-10-22,13235.57
2570,28,88,3476.8199999999997,124.17214285714284,25,Male,Chicago,2022-06-09,10685.35
2571,6,11,578.76,96.46,20,Female,Los Angeles,2023-04-03,1115.81
2572,8,14,615.9300000000001,76.99125000000001,67,Female,Philadelphia,2024-08-10,1132.45
2573,28,85,3304.17,118.00607142857143,18,Female,Houston,2022-06-26,9579.63
2574,22,59,2909.5699999999997,132.25318181818182,37,Male,San Diego,2023-08-21,7327.59
2575,22,64,2583.2799999999997,117.42181818181817,49,Male,Jacksonville,2024-01-25,8208.27
2576,27,83,3650.29,135.19592592592593,44,Male,Houston,2023-05-18,11414.29
2577,11,24,975.47,88.67909090909092,62,Male,Philadelphia,2023-12-11,2232.31
2578,12,33,1017.17,84.76416666666667,42,Female,Los Angeles,2022-01-03,2771.24
2579,14,43,1321.41,94.38642857142858,33,Female,San Diego,2023-02-25,3906.01
2580,3,8,265.52,88.50666666666666,27,Female,Los Angeles,2022-05-03,667.14
2581,3,6,249.68,83.22666666666667,51,Female,Jacksonville,2022-03-31,479.86
2582,27,79,3881.28,143.75111111111113,65,Male,San Jose,2024-02-02,10775.14
2583,12,34,1336.81,111.40083333333332,58,Female,Los Angeles,2022-07-15,4063.32
2584,14,41,2114.6,151.04285714285714,26,Male,Phoenix,2022-05-08,6349.76
2585,8,13,493.71,61.71375,69,Female,Jacksonville,2023-06-19,737.25
2586,14,36,1438.35,102.73928571428571,35,Male,Los Angeles,2023-10-31,3546.5
2587,29,83,4109.63,141.71137931034482,67,Male,Chicago,2023-02-20,11989.64
2588,18,64,2476.0099999999998,137.5561111111111,47,Female,San Antonio,2022-08-05,8529.88
2589,32,106,4931.14,154.098125,67,Male,San Diego,2022-09-05,16410.03
2590,21,70,2544.04,121.1447619047619,25,Male,Chicago,2023-09-24,7931.05
2591,3,6,249.77,83.25666666666667,62,Male,Houston,2023-09-16,499.54
2592,17,60,2377.26,139.83882352941177,63,Male,Philadelphia,2023-11-03,8375.76
2593,27,70,3647.09,135.0774074074074,61,Female,Phoenix,2024-03-22,10381.95
2594,30,97,4281.9800000000005,142.7326666666667,43,Female,Dallas,2022-12-23,13346.18
2595,29,87,3605.18,124.31655172413792,24,Male,Los Angeles,2023-05-27,11439.18
2596,19,59,1853.84,97.57052631578946,67,Male,Chicago,2022-01-25,6135.87
2597,2,5,222.84,111.42,41,Male,San Jose,2023-02-10,543.58
2598,9,14,441.23,49.025555555555556,22,Male,Los Angeles,2023-06-15,768.29
2599,6,15,451.37,75.22833333333334,46,Male,Los Angeles,2023-02-09,1231.83
2600,21,57,2851.96,135.80761904761906,47,Male,Chicago,2023-11-11,7901.5
2601,1,2,13.54,13.54,43,Female,New York,2024-06-06,27.08
2602,16,36,1168.77,73.048125,29,Female,Houston,2024-02-23,2660.54
2603,29,83,3232.68,111.47172413793103,46,Male,New York,2023-01-19,9401.96
2604,16,42,1302.73,81.420625,49,Female,Dallas,2023-05-19,3439.48
2605,22,55,2929.33,133.15136363636364,35,Female,Chicago,2024-09-08,6322.87
2606,27,79,3627.19,134.34037037037038,69,Male,Austin,2024-05-08,10679.2
2607,7,13,535.7,76.52857142857144,68,Female,San Diego,2022-02-09,975.53
2608,20,61,3218.0,160.9,54,Female,San Antonio,2024-09-19,10341.05
2609,25,70,3379.61,135.1844,38,Male,New York,2023-07-08,9964.67
2610,19,50,2808.82,147.83263157894737,48,Female,San Jose,2023-07-30,8007.42
2611,5,12,273.15,54.629999999999995,24,Male,Austin,2023-04-22,597.27
2612,17,41,2116.02,124.47176470588235,70,Male,Houston,2023-05-09,5473.47
2613,30,93,4075.68,135.856,29,Male,Houston,2024-03-06,12786.0
2614,2,4,179.3,89.65,62,Female,San Jose,2023-10-14,305.1
2615,7,16,620.85,88.69285714285715,40,Male,San Jose,2022-02-27,1483.22
2616,3,4,166.18,55.39333333333334,69,Female,Dallas,2023-01-21,231.1
2617,22,76,2302.5299999999997,104.66045454545453,20,Male,New York,2023-09-25,7976.68
2618,8,25,618.12,77.265,19,Female,New York,2023-04-22,1866.47
2619,4,10,237.48,59.37,30,Male,Philadelphia,2023-11-11,596.15
2620,5,10,368.8,73.76,38,Male,New York,2022-12-30,663.19
2621,22,69,2764.93,125.67863636363636,27,Male,Dallas,2022-10-30,8847.03
2622,3,7,211.32999999999998,70.44333333333333,41,Female,San Jose,2024-01-18,483.93
2623,27,77,3715.2799999999997,137.60296296296295,38,Male,Chicago,2022-07-26,10063.14
2624,7,16,746.0,106.57142857142857,49,Female,Chicago,2024-06-13,1793.3
2625,18,64,2541.37,141.1872222222222,55,Male,San Antonio,2024-01-01,8813.49
2626,6,14,367.77,61.294999999999995,36,Male,Chicago,2023-09-21,747.44
2627,5,7,237.95,47.589999999999996,54,Female,San Jose,2022-01-04,408.25
2628,28,77,3928.23,140.29392857142858,38,Male,Austin,2022-03-08,12267.09
2629,4,9,221.2,55.3,27,Female,Jacksonville,2022-08-02,555.83
2630,10,28,1314.46,131.446,38,Male,Austin,2022-06-09,3968.41
2631,6,13,459.21,76.535,60,Female,San Diego,2022-07-01,969.9
2632,18,56,2220.47,123.35944444444443,33,Male,Philadelphia,2022-01-24,7288.91
2633,7,18,756.98,108.14,64,Male,New York,2023-06-10,2063.86
2634,9,24,1122.25,124.69444444444444,44,Male,San Antonio,2024-03-01,2984.73
2635,2,4,130.13,65.065,40,Female,Los Angeles,2024-10-06,272.55
2636,17,47,1441.67,84.80411764705883,54,Male,Chicago,2024-09-08,4157.48
2637,21,69,2395.4,114.06666666666668,20,Female,New York,2024-07-13,8396.75
2638,22,67,3490.29,158.64954545454546,24,Male,Philadelphia,2023-10-15,10733.42
2639,8,17,666.0,83.25,28,Male,Dallas,2022-12-15,1442.13
2640,24,71,2676.7400000000002,111.53083333333335,57,Female,Jacksonville,2022-07-10,7930.68
2641,21,57,2727.86,129.89809523809524,59,Male,San Jose,2022-03-05,6840.57
2642,15,52,1618.64,107.90933333333334,24,Female,Houston,2024-06-08,5390.81
2643,23,63,2741.18,119.18173913043478,53,Female,Austin,2023-01-25,8018.39
2644,13,37,1921.77,147.82846153846154,24,Male,San Antonio,2023-07-31,4947.41
2645,22,72,3302.13,150.09681818181818,41,Male,San Antonio,2024-10-02,11447.51
2646,20,59,2259.29,112.9645,60,Female,Houston,2022-06-29,7003.05
2647,11,43,1466.0900000000001,133.2809090909091,28,Female,Los Angeles,2022-07-18,5990.76
2648,6,10,522.88,87.14666666666666,37,Female,San Diego,2024-08-27,799.4
2649,13,27,892.4499999999999,68.64999999999999,34,Male,Austin,2024-09-28,1872.18
2650,27,82,3392.65,125.65370370370371,42,Female,Chicago,2024-03-04,10520.02
2651,26,76,3277.96,126.07538461538462,46,Female,Phoenix,2024-07-01,10393.82
2652,5,9,264.15,52.83,54,Male,Chicago,2023-04-09,540.37
2653,25,79,3826.2999999999997,153.052,40,Female,San Jose,2022-07-18,11825.14
2654,24,63,3352.38,139.6825,42,Female,Dallas,2023-04-11,8759.2
2655,21,65,2873.2,136.8190476190476,33,Female,Phoenix,2024-08-30,8942.02
2656,28,78,3364.57,120.16321428571429,63,Male,Dallas,2022-06-11,10023.53
2657,3,9,175.75,58.583333333333336,61,Male,Los Angeles,2024-11-24,527.25
2658,21,74,2517.56,119.88380952380952,28,Male,Houston,2024-07-08,9148.64
2659,18,56,1913.28,106.29333333333334,23,Female,Houston,2022-09-16,5670.41
2660,13,23,786.21,60.47769230769231,34,Female,Jacksonville,2022-10-30,1349.43
2661,21,60,2748.15,130.86428571428573,53,Female,Dallas,2022-05-18,8032.36
2662,3,5,274.07,91.35666666666667,51,Female,New York,2023-10-30,518.67
2663,10,26,727.0699999999999,72.707,25,Female,Chicago,2024-12-06,1809.17
2664,24,56,3043.0299999999997,126.79291666666666,55,Male,Los Angeles,2022-10-31,7176.69
2665,12,30,938.63,78.21916666666667,52,Female,San Antonio,2022-07-26,2569.64
2666,28,97,3428.27,122.43821428571428,49,Female,New York,2023-06-25,11661.64
2667,16,50,1770.49,110.655625,27,Female,New York,2022-12-19,5078.13
2668,2,4,87.86,43.93,39,Male,New York,2024-03-21,226.64
2669,8,18,650.52,81.315,41,Male,Philadelphia,2024-08-31,1398.29
2670,22,69,2250.98,102.31727272727272,49,Male,Houston,2023-09-13,7429.47
2671,28,76,3969.6,141.77142857142857,65,Female,Philadelphia,2022-10-03,10451.65
2672,8,17,524.43,65.55375,56,Male,Houston,2023-07-06,1141.4
2673,24,62,3065.18,127.71583333333332,70,Female,Jacksonville,2024-06-23,7263.21
2674,9,19,820.55,91.17222222222222,41,Male,Dallas,2024-09-19,1750.49
2675,19,66,2486.14,130.84947368421052,63,Female,Chicago,2022-11-22,9259.59
2676,3,7,364.99,121.66333333333334,19,Male,Houston,2024-12-09,829.85
2677,3,6,236.18,78.72666666666667,33,Male,San Diego,2023-02-16,464.5
2678,3,5,231.64999999999998,77.21666666666665,63,Male,Phoenix,2022-04-14,418.39
2679,1,1,58.92,58.92,50,Female,Austin,2024-01-25,58.92
2680,18,38,1304.64,72.48,33,Female,San Diego,2022-09-11,2699.86
2681,19,46,2546.06,134.00315789473683,48,Female,Philadelphia,2024-07-02,6214.29
2682,6,14,529.44,88.24000000000001,34,Male,Phoenix,2022-12-01,1159.87
2683,21,71,2271.83,108.18238095238095,28,Male,Houston,2022-02-26,8083.26
2684,8,18,627.01,78.37625,35,Female,Dallas,2023-04-07,1340.25
2685,3,7,174.67000000000002,58.223333333333336,67,Male,San Diego,2022-02-11,475.76
2686,7,21,696.71,99.53,56,Male,Houston,2022-09-28,2061.31
2687,7,16,642.38,91.76857142857143,37,Female,San Antonio,2023-06-01,1566.34
2688,5,8,264.72,52.944,47,Female,Houston,2024-02-11,453.37
2689,23,76,3025.63,131.54913043478263,51,Female,San Jose,2024-08-13,10913.52
2690,25,75,3608.75,144.35,60,Female,Dallas,2022-07-29,10685.99
2691,23,78,2309.89,100.42999999999999,24,Female,Los Angeles,2023-08-02,7643.04
2692,7,17,512.97,73.28142857142858,58,Female,Phoenix,2023-11-20,1155.35
2693,12,28,1021.0600000000001,85.08833333333334,59,Female,Houston,2023-06-19,2386.31
2694,27,96,3380.88,125.21777777777778,33,Male,San Jose,2022-11-04,11208.99
2695,10,29,844.78,84.478,61,Male,Jacksonville,2024-04-07,2262.8
2696,11,24,790.94,71.90363636363637,36,Female,San Antonio,2022-02-22,1683.15
2697,15,41,2154.71,143.64733333333334,20,Male,Philadelphia,2024-04-08,6136.12
2698,10,23,769.55,76.955,58,Female,Austin,2023-04-01,1864.06
2699,21,60,2808.2400000000002,133.7257142857143,28,Male,Phoenix,2024-01-05,8478.75
2700,22,73,3043.36,138.33454545454546,65,Female,Jacksonville,2022-07-19,9918.31
2701,5,11,303.84000000000003,60.76800000000001,39,Male,Houston,2023-01-10,635.76
2702,33,110,4853.79,147.08454545454546,37,Female,Philadelphia,2023-12-29,16215.0
2703,16,51,2115.06,132.19125,36,Female,Los Angeles,2024-02-01,7481.65
2704,23,77,2525.7799999999997,109.81652173913042,58,Male,San Diego,2024-08-21,8648.25
2705,21,64,3123.25,148.72619047619048,61,Female,Dallas,2023-02-03,9279.42
2706,13,36,1240.0,95.38461538461539,27,Male,Houston,2023-09-04,3995.0
2707,28,76,4143.75,147.99107142857142,54,Female,Chicago,2023-12-03,10895.29
2708,3,8,225.38,75.12666666666667,29,Male,San Diego,2023-10-10,603.8
2709,8,23,650.11,81.26375,29,Female,Austin,2023-11-13,1840.08
2710,27,87,3097.82,114.73407407407409,35,Male,Chicago,2022-04-29,10028.81
2711,17,57,2354.64,138.50823529411764,66,Male,Chicago,2022-11-21,8119.99
2712,11,29,848.0,77.0909090909091,43,Female,San Diego,2024-06-07,2272.03
2713,19,50,2366.63,124.55947368421053,52,Male,Jacksonville,2024-02-25,6099.01
2714,5,11,391.53,78.306,38,Male,New York,2024-02-04,952.93
2715,8,24,629.5,78.6875,33,Male,Jacksonville,2022-01-09,1838.12
2716,22,51,3276.24,148.92,24,Female,Dallas,2023-12-07,8109.84
2717,20,50,3132.42,156.621,70,Male,Phoenix,2023-09-19,8151.03
2718,26,78,3428.49,131.86499999999998,51,Female,San Antonio,2023-08-19,9964.81
2719,22,58,3631.36,165.06181818181818,49,Female,Houston,2022-10-02,9774.86
2720,12,23,1006.05,83.83749999999999,69,Female,New York,2022-12-04,1800.09
2721,33,95,4249.81,128.7821212121212,26,Male,Jacksonville,2023-04-13,12411.21
2722,24,69,3109.39,129.55791666666667,28,Male,Philadelphia,2022-02-14,9234.93
2723,24,70,2573.4,107.22500000000001,58,Female,Dallas,2022-03-18,6108.73
2724,18,54,2146.54,119.25222222222222,21,Male,Austin,2022-04-10,6477.06
2725,22,76,2654.08,120.64,25,Female,San Diego,2022-02-10,8999.38
2726,17,53,2461.81,144.81235294117647,34,Female,Jacksonville,2024-02-18,8118.39
2727,19,51,1919.43,101.02263157894737,61,Male,Phoenix,2022-11-10,5048.66
2728,5,16,333.65,66.72999999999999,60,Female,San Jose,2024-05-11,1145.49
2729,32,102,4497.39,140.5434375,24,Male,Phoenix,2022-10-08,14069.71
2730,11,28,790.17,71.83363636363636,49,Male,San Jose,2022-08-22,1913.56
2731,21,64,1727.8,82.27619047619048,51,Male,Philadelphia,2023-02-14,5287.26
2732,27,85,3873.82,143.47481481481483,20,Female,Houston,2024-04-19,11422.39
2733,17,55,2007.78,118.10470588235295,18,Male,Austin,2024-09-11,6075.99
2734,9,16,634.22,70.4688888888889,54,Female,Chicago,2022-07-02,1201.45
2735,7,11,532.89,76.12714285714286,22,Male,Phoenix,2022-07-04,770.09
2736,21,56,3186.83,151.7538095238095,36,Female,San Diego,2023-04-19,9030.64
2737,26,82,2930.94,112.72846153846154,29,Male,Phoenix,2022-04-13,10155.51
2738,9,19,867.55,96.39444444444445,38,Female,Jacksonville,2024-01-08,1724.26
2739,14,31,2044.6799999999998,146.04857142857142,66,Male,New York,2022-08-26,4700.01
2740,11,26,966.69,87.8809090909091,28,Female,Philadelphia,2022-10-11,2111.7
2741,5,12,443.45,88.69,35,Male,Philadelphia,2024-06-15,1115.62
2742,11,27,1720.8,156.43636363636364,43,Female,San Diego,2023-12-03,4457.02
2743,4,8,300.21,75.0525,62,Female,San Antonio,2023-07-11,536.83
2744,31,94,4152.82,133.96193548387095,62,Male,Chicago,2022-12-08,11779.73
2745,13,34,2035.8500000000001,156.60384615384618,55,Female,San Jose,2022-08-01,4971.45
2746,20,64,2285.52,114.276,42,Female,San Jose,2024-06-16,7226.01
2747,3,8,150.06,50.02,64,Male,San Diego,2022-03-01,392.07
2748,32,86,5206.57,162.7053125,44,Female,New York,2024-09-26,13820.46
2749,12,44,1431.9,119.325,38,Male,Jacksonville,2022-05-10,5167.59
2750,7,11,516.56,73.7942857142857,54,Male,Austin,2024-12-10,906.4
2751,17,56,2397.53,141.03117647058824,62,Male,San Antonio,2023-11-24,8218.42
2752,34,111,4118.12,121.12117647058824,60,Female,Chicago,2023-05-25,13215.03
2753,20,74,2816.4900000000002,140.8245,28,Female,San Diego,2022-04-22,10242.26
2754,31,93,3997.61,128.9551612903226,49,Female,Houston,2022-12-05,11294.65
2755,4,6,384.33,96.0825,21,Male,Dallas,2023-11-09,576.03
2756,9,32,1130.55,125.61666666666666,33,Male,San Diego,2024-02-15,4388.12
2757,7,13,686.21,98.03,46,Male,San Diego,2024-06-28,1361.72
2758,20,63,2917.46,145.873,49,Male,Los Angeles,2024-07-04,9169.04
2759,19,61,2489.74,131.03894736842105,53,Male,Los Angeles,2024-04-06,7926.24
2760,2,3,110.77000000000001,55.385000000000005,53,Male,Austin,2023-09-16,175.69
2761,4,11,292.47,73.1175,41,Male,Houston,2024-07-23,815.27
2762,22,66,2830.61,128.6640909090909,67,Female,Jacksonville,2024-07-19,7904.97
2763,5,12,487.05,97.41,25,Male,Austin,2024-01-15,1233.83
2764,19,59,2466.04,129.7915789473684,40,Female,Dallas,2023-03-31,7397.67
2765,17,51,1996.13,117.41941176470588,24,Male,Chicago,2024-12-05,6047.66
2766,24,63,3374.65,140.61041666666668,63,Female,Los Angeles,2024-10-05,8207.66
2767,5,11,222.49,44.498000000000005,30,Male,San Antonio,2023-06-05,532.09
2768,19,61,2436.2200000000003,128.2221052631579,68,Male,Jacksonville,2023-03-18,9016.64
2769,20,55,2662.66,133.13299999999998,44,Male,Austin,2023-11-24,7289.63
2770,8,20,630.1899999999999,78.77374999999999,46,Female,Austin,2022-09-10,1810.79
2771,13,40,1714.1399999999999,131.85692307692307,49,Male,Dallas,2024-10-29,5241.69
2772,20,55,2343.57,117.17850000000001,45,Female,Dallas,2022-04-10,6154.03
2773,8,26,558.55,69.81875,29,Male,Los Angeles,2022-12-29,1713.86
2774,6,11,608.23,101.37166666666667,56,Female,Dallas,2024-03-04,1195.56
2775,15,52,1418.29,94.55266666666667,56,Male,Phoenix,2024-02-27,5058.47
2776,3,5,217.20999999999998,72.40333333333332,36,Female,Chicago,2024-03-25,300.09
2777,17,43,2242.23,131.8958823529412,62,Female,Jacksonville,2022-10-10,5242.97
2778,15,41,1016.53,67.76866666666666,53,Male,Houston,2023-10-05,2833.93
2779,14,37,1301.03,92.93071428571429,36,Female,Austin,2023-03-06,3349.18
2780,6,11,393.84999999999997,65.64166666666667,59,Male,Dallas,2022-09-29,696.75
2781,6,13,548.96,91.49333333333334,66,Female,Dallas,2023-10-23,1040.82
2782,29,93,4027.96,138.8951724137931,60,Female,Austin,2024-09-10,12929.61
2783,20,50,2089.21,104.4605,45,Male,Dallas,2024-12-29,4944.23
2784,32,91,3864.87,120.7771875,27,Male,Austin,2022-08-07,10726.67
2785,29,98,3592.54,123.88068965517242,66,Male,Phoenix,2022-04-26,12643.08
2786,25,56,3029.58,121.1832,21,Female,Houston,2023-05-29,6147.85
2787,22,59,2933.29,133.33136363636365,46,Male,San Jose,2022-03-08,8012.1
2788,6,20,358.67,59.778333333333336,53,Female,Houston,2023-04-05,1257.0
2789,6,18,465.25,77.54166666666667,69,Female,Jacksonville,2024-11-12,1387.18
2790,8,21,598.76,74.845,42,Female,Austin,2022-04-07,1586.22
2791,5,10,398.95,79.78999999999999,21,Male,Jacksonville,2023-10-03,797.9
2792,19,63,3032.19,159.58894736842106,67,Female,Houston,2023-05-30,10186.41
2793,3,4,310.28,103.42666666666666,52,Male,Jacksonville,2024-01-24,439.7
2794,18,59,2282.56,126.80888888888889,29,Male,Chicago,2023-02-01,7263.47
2795,9,20,640.9,71.21111111111111,25,Female,New York,2022-12-22,1455.0
2796,17,47,2613.24,153.72,34,Male,Chicago,2024-05-27,7680.79
2797,17,51,1988.54,116.97294117647058,47,Male,New York,2023-06-07,5695.76
2798,3,4,197.13,65.71,56,Male,Austin,2022-11-11,324.95
2799,19,57,2048.62,107.8221052631579,54,Female,Los Angeles,2023-09-09,6481.68
2800,28,72,3367.05,120.25178571428572,29,Male,Dallas,2023-10-13,9280.98
2801,37,113,5023.37,135.76675675675676,52,Female,Los Angeles,2022-11-23,15846.6
2802,26,86,3419.69,131.52653846153845,31,Female,Philadelphia,2023-12-17,12026.56
2803,30,93,4134.35,137.81166666666667,66,Female,Dallas,2024-01-09,13015.72
2804,19,53,2668.49,140.44684210526316,40,Female,Houston,2022-01-19,7143.79
2805,3,7,294.88,98.29333333333334,61,Female,San Antonio,2023-05-15,707.37
2806,17,56,1961.54,115.38470588235293,52,Female,New York,2022-08-21,7044.47
2807,4,11,365.39,91.3475,41,Female,San Diego,2024-11-24,1038.06
2808,13,46,1878.8600000000001,144.52769230769232,59,Male,Philadelphia,2022-03-31,6876.89
2809,25,92,2447.06,97.8824,24,Male,Dallas,2024-11-18,9073.36
2810,23,88,2501.76,108.77217391304349,22,Male,Austin,2024-12-28,9489.03
2811,7,10,573.11,81.87285714285714,45,Male,Houston,2023-03-13,910.55
2812,8,21,571.81,71.47625,22,Male,New York,2024-06-10,1516.34
2813,9,20,762.37,84.70777777777778,20,Male,Los Angeles,2024-07-29,1740.94
2814,26,84,3755.21,144.43115384615385,34,Male,San Jose,2022-04-22,12090.5
2815,3,6,266.67,88.89,44,Female,San Diego,2023-04-12,480.74
2816,16,54,1913.82,119.61375,19,Female,Austin,2024-04-08,6395.71
2817,16,49,2093.56,130.8475,59,Male,Jacksonville,2022-08-31,6475.75
2818,14,32,1028.5,73.46428571428571,22,Female,Dallas,2022-04-04,2245.65
2819,18,50,2749.51,152.75055555555556,61,Female,San Jose,2022-08-06,7925.64
2820,28,81,4091.97,146.1417857142857,46,Female,San Antonio,2022-06-27,12538.8
2821,19,52,2412.72,126.98526315789472,52,Male,Chicago,2022-03-05,7690.8
2822,13,36,745.74,57.364615384615384,52,Female,Austin,2024-03-11,1947.07
2823,17,53,2501.43,147.14294117647057,68,Female,New York,2022-10-23,7744.69
2824,30,86,4418.63,147.28766666666667,18,Female,Dallas,2022-10-17,12815.61
2825,24,79,3649.17,152.04875,65,Female,Houston,2022-06-24,12789.12
2826,5,9,466.0,93.2,50,Male,Chicago,2024-04-25,915.9
2827,30,89,4806.6,160.22,34,Male,Los Angeles,2023-01-12,15579.02
2828,9,22,758.59,84.28777777777778,54,Male,Dallas,2023-01-07,1858.9
2829,5,12,491.85,98.37,22,Female,Austin,2024-08-02,1085.11
2830,21,69,3004.26,143.06,30,Female,Philadelphia,2022-05-18,9989.26
2831,15,43,2371.12,158.07466666666667,59,Male,Los Angeles,2024-01-02,6186.17
2832,9,20,609.74,67.74888888888889,30,Female,San Diego,2023-08-07,1404.97
2833,14,47,1868.27,133.44785714285715,60,Female,Jacksonville,2024-07-11,5520.82
2834,27,76,4094.65,151.6537037037037,41,Female,San Antonio,2022-11-09,11465.71
2835,28,80,3817.3,136.33214285714286,33,Male,Jacksonville,2022-12-12,9887.36
2836,22,80,2501.14,113.68818181818182,41,Male,Austin,2024-06-12,9168.05
2837,2,5,229.97,114.985,47,Female,Philadelphia,2023-11-11,573.51
2838,29,87,3354.75,115.68103448275862,24,Male,Austin,2023-09-18,9468.15
2839,8,16,732.2,91.525,70,Male,Dallas,2022-06-17,1376.56
2840,25,87,2997.97,119.91879999999999,58,Male,Jacksonville,2023-02-07,10188.45
2841,2,3,170.5,85.25,50,Male,San Jose,2022-06-04,220.75
2842,14,41,1018.24,72.73142857142857,31,Male,Dallas,2024-04-09,2750.49
2843,23,70,2878.62,125.15739130434783,52,Female,Austin,2023-06-18,9264.77
2844,23,52,3122.37,135.75521739130434,32,Female,Chicago,2022-11-01,6769.09
2845,24,73,2683.36,111.80666666666667,23,Female,Philadelphia,2024-08-09,7906.82
2846,27,82,3984.7599999999998,147.5837037037037,33,Male,Dallas,2024-10-25,12323.08
2847,17,54,1777.92,104.58352941176472,29,Male,Jacksonville,2022-10-15,5475.31
2848,5,7,277.6,55.52,20,Male,San Diego,2024-09-17,416.84
2849,11,31,1260.75,114.61363636363636,41,Male,New York,2023-04-20,3832.21
2850,22,62,2832.15,128.73409090909092,68,Female,San Antonio,2023-02-28,8208.83
2851,5,12,264.75,52.95,20,Male,Austin,2024-08-19,532.94
2852,32,99,4250.93,132.8415625,51,Female,Jacksonville,2023-10-26,13285.66
2853,17,42,2191.13,128.89000000000001,54,Male,San Antonio,2023-06-24,5877.24
2854,15,46,1813.48,120.89866666666667,59,Male,Dallas,2024-02-15,5052.31
2855,17,53,2097.14,123.36117647058823,32,Female,Philadelphia,2023-05-31,5959.63
2856,24,72,2929.02,122.0425,48,Male,Dallas,2023-12-08,8567.67
2857,17,52,2358.63,138.7429411764706,32,Male,Dallas,2022-10-12,6443.3
2858,20,72,2203.0,110.15,29,Male,Philadelphia,2023-07-30,8338.36
2859,12,32,890.57,74.21416666666667,44,Female,Jacksonville,2022-08-31,2384.82
2860,21,58,3283.77,156.37,48,Female,Houston,2022-08-21,9467.3
2861,13,32,1027.78,79.06,44,Male,Houston,2022-11-27,2550.68
2862,17,49,2792.55,164.26764705882354,55,Male,Chicago,2022-03-30,8668.74
2863,14,39,2059.26,147.09,54,Male,New York,2024-11-15,6016.36
2864,27,91,3314.32,122.75259259259259,29,Female,San Jose,2022-12-07,11438.59
2865,5,8,445.82,89.164,64,Female,Los Angeles,2022-02-08,731.08
2866,18,47,2594.96,144.16444444444446,48,Female,Chicago,2023-03-20,7001.18
2867,4,12,339.02,84.755,56,Male,San Jose,2023-03-26,1017.06
2868,7,14,456.17,65.16714285714286,50,Female,Chicago,2023-01-08,905.67
2869,4,9,281.48,70.37,56,Male,Houston,2023-12-03,634.67
2870,19,59,2307.54,121.44947368421053,24,Male,Houston,2024-02-14,7123.28
2871,7,15,525.91,75.13,50,Female,Chicago,2024-12-06,1234.41
2872,16,52,2485.2799999999997,155.32999999999998,57,Male,Dallas,2022-07-17,7351.43
2873,11,25,1032.76,93.88727272727273,23,Female,Austin,2024-10-27,2657.45
2874,12,24,912.94,76.07833333333333,52,Male,Austin,2022-09-24,1794.9
2875,22,62,2655.55,120.70681818181819,41,Male,Jacksonville,2024-06-02,7897.32
2876,27,70,3168.33,117.34555555555555,69,Female,San Antonio,2024-12-21,8808.66
2877,25,79,3493.09,139.7236,65,Male,San Antonio,2023-12-19,11059.37
2878,15,45,1959.33,130.62199999999999,67,Male,Los Angeles,2022-10-02,5649.01
2879,30,77,4188.81,139.627,52,Female,Phoenix,2023-08-04,9574.51
2880,34,111,5171.39,152.09970588235296,65,Male,San Jose,2023-01-23,16856.64
2881,28,86,3744.04,133.71571428571428,18,Female,Austin,2024-12-06,11118.56
2882,10,24,925.05,92.505,38,Female,Philadelphia,2023-02-25,2137.62
2883,33,95,3903.77,118.2960606060606,59,Female,Phoenix,2022-08-07,11707.59
2884,24,78,3220.0299999999997,134.16791666666666,57,Female,Austin,2024-05-17,10268.56
2885,7,19,663.97,94.85285714285715,44,Female,Chicago,2024-03-24,1865.09
2886,17,57,2151.96,126.58588235294118,48,Female,Phoenix,2024-01-29,7264.56
2887,13,27,753.35,57.95,43,Male,Austin,2023-12-07,1591.61
2888,13,32,1221.63,93.97153846153847,46,Male,Los Angeles,2022-09-01,3046.66
2889,18,53,2948.03,163.77944444444447,68,Female,Dallas,2023-03-16,8680.54
2890,26,82,3481.15,133.89038461538462,58,Male,Los Angeles,2022-04-17,11353.11
2891,14,40,1890.05,135.00357142857143,56,Female,Los Angeles,2022-10-25,5435.9
2892,17,44,2042.08,120.12235294117647,41,Male,San Jose,2022-05-12,4947.33
2893,6,18,435.03999999999996,72.50666666666666,43,Female,Jacksonville,2022-03-19,1366.39
2894,6,12,619.25,103.20833333333333,70,Male,Austin,2022-04-28,1129.0
2895,33,104,3998.9,121.17878787878789,30,Female,Houston,2024-10-09,13356.89
2896,4,11,302.08,75.52,50,Male,San Jose,2022-03-10,823.55
2897,14,29,1272.35,90.88214285714285,41,Male,Austin,2022-12-14,2705.23
2898,6,13,340.76,56.79333333333333,23,Female,San Antonio,2022-01-01,730.63
2899,5,14,446.26,89.252,43,Male,Dallas,2023-12-25,1304.05
2900,3,8,184.89999999999998,61.633333333333326,22,Male,Dallas,2022-02-01,526.16
2901,9,24,758.26,84.25111111111111,53,Female,Philadelphia,2023-08-06,2089.08
2902,28,85,4047.0,144.53571428571428,30,Female,San Antonio,2023-07-21,12145.74
2903,20,64,2913.29,145.6645,44,Male,Dallas,2022-01-10,9448.41
2904,29,88,4227.88,145.7889655172414,39,Male,Dallas,2022-05-29,12834.27
2905,4,8,339.53,84.8825,70,Female,Jacksonville,2023-06-12,685.93
2906,11,19,803.08,73.00727272727273,54,Female,Houston,2024-06-25,1392.76
2907,9,16,983.35,109.26111111111112,47,Female,San Jose,2023-11-27,1759.03
2908,22,66,2935.97,133.4531818181818,34,Male,San Antonio,2022-02-26,8930.39
2909,11,24,899.77,81.79727272727273,32,Female,San Antonio,2023-03-28,2233.88
2910,15,47,2048.15,136.54333333333335,18,Female,Houston,2023-12-25,6445.81
2911,28,80,4062.31,145.0825,61,Female,Los Angeles,2023-08-12,11975.2
2912,14,42,1847.76,131.98285714285714,40,Male,San Jose,2023-01-01,5779.87
2913,15,51,2204.48,146.96533333333335,65,Male,San Diego,2023-07-06,7143.42
2914,24,60,3300.78,137.5325,33,Female,Houston,2023-02-13,8281.33
2915,13,39,1830.29,140.79153846153847,33,Female,Chicago,2023-04-15,5731.52
2916,22,65,2694.69,122.48590909090909,23,Female,San Jose,2022-08-07,8752.71
2917,13,30,948.34,72.94923076923077,52,Male,San Diego,2022-01-14,2115.12
2918,6,18,511.28000000000003,85.21333333333334,49,Female,San Diego,2024-01-31,1591.82
2919,5,9,372.65,74.53,50,Female,San Antonio,2023-01-10,635.09
2920,12,27,947.56,78.96333333333332,26,Male,Dallas,2023-03-31,1955.11
2921,23,62,2850.56,123.93739130434783,52,Male,Dallas,2024-05-16,7220.48
2922,27,79,4039.66,149.61703703703702,61,Male,San Diego,2023-12-13,11990.1
2923,4,11,242.88,60.72,47,Female,Jacksonville,2022-09-04,596.39
2924,28,89,3696.6,132.02142857142857,31,Female,San Jose,2022-01-18,11835.72
2925,23,59,2511.44,109.19304347826088,57,Female,Chicago,2022-07-26,7006.4
2926,25,71,3076.65,123.066,48,Female,Philadelphia,2023-06-23,7897.61
2927,21,71,2485.71,118.36714285714285,31,Female,Jacksonville,2023-01-12,8090.13
2928,27,76,3988.62,147.72666666666666,43,Female,San Diego,2024-02-02,11763.62
2929,11,36,1161.21,105.56454545454545,54,Male,Los Angeles,2023-01-04,3369.08
2930,7,17,623.86,89.12285714285714,53,Female,San Antonio,2023-07-07,1465.52
2931,24,70,3375.59,140.64958333333334,65,Male,San Diego,2023-02-06,10024.54
2932,32,93,4207.66,131.489375,49,Male,Austin,2022-01-20,11859.52
2933,20,53,2767.51,138.37550000000002,38,Female,Phoenix,2024-11-24,6818.94
2934,28,80,3989.9700000000003,142.4989285714286,54,Male,San Antonio,2023-05-29,10318.9
2935,4,12,208.11,52.0275,21,Male,Phoenix,2022-07-22,678.27
2936,1,3,117.61,117.61,24,Female,Jacksonville,2024-09-02,352.83
2937,22,81,2830.59,128.6631818181818,41,Female,Philadelphia,2023-11-17,10975.52
2938,21,64,3201.37,152.44619047619048,40,Male,San Jose,2022-02-10,9518.79
2939,1,1,62.9,62.9,36,Female,Philadelphia,2022-12-24,62.9
2940,22,66,3124.57,142.0259090909091,65,Female,Los Angeles,2024-11-11,9291.15
2941,12,28,1094.37,91.19749999999999,47,Male,Chicago,2024-02-20,2557.02
2942,30,86,3383.1,112.77,57,Female,Los Angeles,2023-11-22,9755.49
2943,18,49,2858.46,158.80333333333334,32,Female,Philadelphia,2022-06-12,7668.83
2944,11,25,641.52,58.32,56,Female,Phoenix,2023-08-20,1482.83
2945,13,34,970.9,74.68461538461538,41,Female,San Antonio,2024-06-30,2477.7
2946,28,89,3120.59,111.44964285714286,19,Male,Jacksonville,2022-12-09,10354.91
2947,6,18,437.06,72.84333333333333,65,Male,Houston,2023-04-26,1307.28
2948,22,53,2104.06,95.63909090909091,24,Male,San Diego,2022-12-08,4950.28
2949,18,61,2561.74,142.31888888888886,43,Male,Los Angeles,2022-04-21,9371.35
2950,3,5,226.49,75.49666666666667,23,Female,Phoenix,2023-06-22,413.45
2951,21,60,3227.3900000000003,153.6852380952381,36,Female,Austin,2023-04-15,8327.27
2952,22,71,2311.47,105.06681818181818,28,Male,New York,2022-09-16,7614.49
2953,6,10,528.52,88.08666666666666,38,Female,San Diego,2024-01-01,805.39
2954,20,56,2410.81,120.5405,26,Male,San Jose,2023-07-12,6773.41
2955,16,41,952.58,59.53625,58,Female,Dallas,2024-07-24,2234.39
2956,12,46,1658.8,138.23333333333332,40,Female,Dallas,2024-12-29,6271.74
2957,5,12,262.4,52.48,46,Female,Philadelphia,2023-04-11,631.47
2958,23,71,3112.1,135.3086956521739,37,Male,New York,2024-04-24,9560.34
2959,4,5,174.43,43.6075,26,Female,Phoenix,2024-12-07,215.87
2960,20,59,2117.98,105.899,62,Female,San Diego,2024-08-18,6243.74
2961,18,45,1691.53,93.9738888888889,45,Female,San Jose,2023-09-06,4095.71
2962,8,25,642.78,80.3475,53,Female,Houston,2023-04-19,2011.95
2963,3,5,250.62,83.54,45,Female,Houston,2024-04-23,308.14
2964,4,10,202.46,50.615,59,Female,San Antonio,2022-12-01,553.47
2965,22,57,2948.5499999999997,134.02499999999998,45,Male,Dallas,2023-03-28,7659.39
2966,23,62,2784.86,121.0808695652174,65,Female,San Antonio,2023-07-11,8543.78
2967,5,6,431.27,86.25399999999999,29,Male,Phoenix,2023-01-21,496.19
2968,6,13,546.91,91.15166666666666,57,Female,Phoenix,2022-08-15,1245.96
2969,24,77,3291.01,137.12541666666667,19,Male,New York,2024-10-04,10686.11
2970,25,84,3528.02,141.1208,24,Female,Phoenix,2024-12-31,11158.21
2971,6,18,566.18,94.36333333333333,64,Male,Houston,2022-09-14,1805.79
2972,26,76,3942.94,151.65153846153845,49,Male,Philadelphia,2022-07-04,11733.09
2973,24,72,3248.2799999999997,135.345,69,Female,Philadelphia,2024-05-10,9287.24
2974,5,16,145.18,29.036,20,Female,Los Angeles,2024-08-07,487.48
2975,10,30,1640.65,164.065,67,Female,Los Angeles,2022-10-27,4966.85
2976,21,68,3042.7799999999997,144.8942857142857,34,Female,New York,2024-08-20,10003.39
2977,6,14,472.54,78.75666666666667,63,Male,San Antonio,2022-09-07,1171.4
2978,20,59,2270.96,113.548,20,Male,San Diego,2024-06-26,6384.92
2979,23,62,2639.12,114.74434782608695,31,Female,San Antonio,2022-07-12,6648.14
2980,11,21,721.46,65.58727272727273,28,Male,Jacksonville,2023-10-02,1237.56
2981,28,87,3190.8,113.95714285714287,48,Female,Houston,2024-12-02,8824.23
2982,6,12,507.59000000000003,84.59833333333334,60,Male,Los Angeles,2024-01-09,1128.83
2983,13,34,994.87,76.52846153846154,38,Male,Chicago,2023-04-29,2518.21
2984,28,85,3287.65,117.41607142857143,43,Male,New York,2023-07-20,10263.76
2985,19,46,2251.14,118.48105263157895,62,Female,Jacksonville,2022-03-28,5045.11
2986,14,36,1857.57,132.6835714285714,23,Male,Chicago,2022-11-14,5161.2
2987,20,65,2455.53,122.77650000000001,57,Female,Austin,2024-10-20,7364.77
2988,17,58,2219.11,130.53588235294117,59,Male,Jacksonville,2022-05-03,7390.74
2989,26,80,3319.5699999999997,127.67576923076922,32,Female,Dallas,2022-08-08,10244.02
2990,6,10,337.97,56.32833333333334,46,Male,New York,2023-12-13,622.99
2991,10,30,1132.88,113.28800000000001,26,Female,New York,2024-02-13,2959.75
2992,5,13,399.65,79.92999999999999,53,Female,Dallas,2024-09-20,1022.87
2993,21,56,2606.24,124.10666666666665,29,Female,Philadelphia,2024-09-30,7160.92
2994,21,64,2478.49,118.02333333333333,56,Male,Los Angeles,2024-08-17,7320.38
2995,16,38,2351.4900000000002,146.96812500000001,36,Female,Dallas,2024-12-23,5475.22
2996,18,46,2833.7599999999998,157.4311111111111,67,Female,Jacksonville,2024-01-22,6740.3
2997,5,10,427.32,85.464,57,Female,San Jose,2023-01-15,866.41
2998,18,53,2088.6099999999997,116.03388888888887,22,Female,Houston,2023-05-05,6441.92
2999,7,14,568.99,81.28428571428572,67,Male,San Jose,2024-12-09,1105.17
3000,20,67,2785.32,139.26600000000002,59,Female,Los Angeles,2023-08-03,10200.96
