Customer_ID,Name,Age,Gender,Location,Join_Date,Total_Spent
2001,Ivy Davis,33,Male,Chicago,2025-01-09,553.47
2002,Henry Davis,62,Female,Houston,2026-05-05,5390.5
2003,Diana Miller,35,Female,Seattle,2024-03-21,955.07
2004,Paula Smith,64,Male,New York,2025-12-29,8037.36
2005,Laura Johnson,41,Male,Houston,2025-12-12,4567.61
2006,Steve Davis,43,Male,Seattle,2024-10-03,605.48
2007,Ivy Davis,42,Male,Los Angeles,2024-09-19,1387.7
2008,Steve Johnson,62,Male,New York,2026-03-05,4642.73
2009,Henry Williams,58,Female,Denver,2024-03-19,4010.38
2010,Grace Miller,46,Male,Chicago,2026-05-22,829.82
2011,Alice Miller,32,Female,Denver,2025-10-25,1287.66
2012,Oscar Martinez,62,Female,Chicago,2025-04-16,3400.52
2013,Jack Brown,18,Male,New York,2024-10-02,1046.39
2014,Bob Smith,42,Female,Chicago,2025-06-13,1185.16
2015,Rachel Johnson,24,Male,Los Angeles,2024-01-04,608.61
2016,Henry Miller,26,Male,Houston,2024-01-27,1201.82
2017,Victor Johnson,41,Female,Miami,2023-11-30,2840.99
2018,Grace Garcia,18,Male,Phoenix,2025-02-25,300.42
2019,Eva Jones,61,Female,Miami,2025-11-28,6069.73
2020,Alice Davis,25,Male,Los Angeles,2024-02-05,64.9
2021,Rachel Jones,41,Male,Miami,2024-11-19,1869.32
2022,Henry Garcia,28,Female,Chicago,2024-01-28,3186.42
2023,Steve Jones,68,Male,Phoenix,2026-02-23,1900.95
2024,Eva Jones,34,Male,Los Angeles,2024-04-09,737.69
2025,Ivy Jones,25,Male,Miami,2024-07-24,2387.64
2026,Ivy Martinez,52,Female,Phoenix,2024-10-30,2487.99
2027,Charlie Miller,52,Female,New York,2023-12-23,4695.85
2028,Laura Williams,50,Female,Chicago,2023-09-17,4214.28
2029,Steve Miller,22,Male,Los Angeles,2026-03-02,3238.08
2030,Eva Martinez,59,Male,Miami,2024-02-11,5756.07
2031,Oscar Williams,56,Male,Phoenix,2024-07-09,4324.57
2032,Bob Garcia,58,Male,Houston,2025-09-25,2298.0
2033,Mike Martinez,45,Female,Chicago,2024-04-07,623.41
2034,Frank Williams,24,Female,New York,2025-01-06,71.6
2035,Laura Miller,26,Male,Phoenix,2024-09-11,683.8
2036,Diana Miller,25,Male,Denver,2024-08-01,1852.26
2037,Grace Davis,29,Female,Phoenix,2024-12-08,0.0
2038,Henry Smith,51,Male,Seattle,2024-12-19,2559.23
2039,Ivy Johnson,50,Female,Miami,2025-07-13,3172.85
2040,Nina Martinez,65,Female,New York,2026-07-19,1887.06
2041,Ivy Williams,40,Female,New York,2024-05-03,1039.12
2042,Victor Miller,41,Female,Miami,2024-04-19,75.81
2043,Victor Martinez,54,Male,Seattle,2026-02-19,1541.53
2044,Ivy Smith,52,Female,New York,2024-10-03,1976.81
2045,Steve Brown,61,Female,Seattle,2026-08-09,4195.14
2046,Laura Garcia,57,Male,Phoenix,2024-01-31,2269.81
2047,Jack Miller,39,Female,Seattle,2026-07-14,3828.5
2048,Steve Williams,44,Male,Seattle,2025-05-07,4366.25
2049,Frank Jones,52,Female,New York,2025-10-25,1465.83
2050,Jack Brown,18,Female,Miami,2025-05-24,1011.9
2051,Paula Davis,52,Male,Denver,2026-04-19,2115.48
2052,Charlie Jones,54,Female,Los Angeles,2024-08-22,1259.36
2053,Jack Brown,64,Male,Chicago,2025-01-03,2729.97
2054,Bob Brown,31,Female,Los Angeles,2023-10-30,2248.28
2055,Oscar Brown,20,Female,Denver,2026-03-30,423.37
2056,Henry Williams,18,Male,Los Angeles,2025-12-06,1042.71
2057,Henry Williams,22,Female,New York,2026-01-27,753.68
2058,Diana Davis,43,Male,Denver,2025-02-01,591.74
2059,Steve Garcia,31,Female,Seattle,2026-09-01,349.91
2060,Frank Davis,56,Female,Phoenix,2026-03-11,3515.83
2061,Ivy Martinez,44,Female,Houston,2025-01-28,1383.84
2062,Paula Johnson,26,Female,Houston,2025-03-25,228.69
2063,Laura Garcia,32,Male,Chicago,2025-03-19,519.06
2064,Henry Miller,32,Male,Houston,2024-07-14,1597.62
2065,Oscar Miller,43,Female,Denver,2024-01-19,4332.95
2066,Bob Brown,59,Female,Seattle,2026-01-08,2907.44
2067,Tina Miller,30,Female,New York,2023-10-20,1903.81
2068,Jack Miller,68,Female,Houston,2025-08-30,4928.65
2069,Henry Jones,49,Female,Denver,2026-06-05,3153.47
2070,Nina Garcia,56,Female,Chicago,2023-11-08,2461.92
2071,Eva Martinez,66,Male,Seattle,2026-04-24,2553.47
2072,Charlie Miller,69,Male,Denver,2023-11-04,1483.53
2073,Bob Jones,49,Female,Miami,2024-09-16,469.55
2074,Paula Garcia,21,Female,Seattle,2024-11-16,631.08
2075,Oscar Jones,47,Male,Denver,2025-04-01,832.11
2076,Steve Smith,54,Female,Houston,2023-10-19,2182.07
2077,Bob Smith,40,Male,Houston,2024-01-28,1159.45
2078,Victor Williams,56,Male,Chicago,2023-10-21,2039.2
2079,Diana Brown,62,Female,Phoenix,2026-05-06,5277.23
2080,Frank Johnson,32,Male,Phoenix,2025-10-04,2727.26
2081,Tina Smith,60,Female,Seattle,2024-04-18,3690.56
2082,Grace Johnson,46,Male,Los Angeles,2025-11-30,2437.51
2083,Victor Johnson,53,Male,Miami,2025-05-19,1293.32
2084,Oscar Garcia,30,Male,Miami,2026-09-05,622.04
2085,Oscar Davis,49,Male,Seattle,2023-10-05,490.26
2086,Paula Williams,24,Female,Chicago,2025-09-20,314.67
2087,Ivy Martinez,68,Female,Denver,2026-08-13,3801.29
2088,Tina Jones,39,Female,Houston,2026-02-18,421.98
2089,Ivy Davis,45,Male,Denver,2024-03-05,2381.34
2090,Laura Smith,19,Female,Miami,2025-10-25,0.0
2091,Quentin Brown,59,Female,Phoenix,2024-09-16,4273.53
2092,Ivy Jones,62,Male,Houston,2025-08-07,5714.51
2093,Henry Miller,23,Female,Houston,2024-03-03,2579.16
2094,Quentin Davis,45,Male,Los Angeles,2026-05-12,3955.04
2095,Henry Miller,45,Male,Phoenix,2025-05-04,3991.19
2096,Quentin Martinez,61,Female,Seattle,2025-10-04,5753.95
2097,Mike Davis,61,Female,Phoenix,2025-07-18,3299.64
2098,Henry Johnson,37,Male,Miami,2025-02-05,402.13
2099,Steve Williams,47,Male,Houston,2024-05-11,666.76
2100,Ivy Martinez,28,Female,Los Angeles,2026-05-28,1083.42
2101,Jack Brown,45,Female,Chicago,2024-10-11,7188.05
2102,Alice Martinez,42,Male,Phoenix,2025-05-21,1859.94
2103,Bob Martinez,56,Female,Chicago,2023-12-12,3145.22
2104,Diana Smith,50,Female,Denver,2026-06-11,865.85
2105,Paula Garcia,18,Male,New York,2026-05-17,2425.16
2106,Quentin Johnson,44,Male,Seattle,2025-02-08,3698.54
2107,Charlie Smith,69,Male,Chicago,2026-06-13,5357.29
2108,Charlie Brown,30,Male,Seattle,2025-05-24,1226.05
2109,Rachel Miller,58,Female,Denver,2024-12-15,3425.02
2110,Tina Miller,20,Female,New York,2025-05-10,1870.28
2111,Grace Brown,56,Female,Los Angeles,2024-03-31,2482.21
2112,Henry Williams,23,Male,Chicago,2024-07-27,1200.77
2113,Oscar Davis,25,Female,Phoenix,2023-09-15,1085.86
2114,Henry Jones,44,Female,Denver,2023-11-15,1992.76
2115,Henry Jones,26,Male,Seattle,2024-02-02,4650.13
2116,Steve Brown,54,Male,Phoenix,2024-05-02,3052.23
2117,Charlie Smith,50,Male,Phoenix,2024-06-27,3600.65
2118,Paula Johnson,68,Female,Phoenix,2025-04-23,7148.04
2119,Ivy Martinez,59,Female,Denver,2025-12-12,5184.93
2120,Victor Smith,61,Female,Miami,2024-02-21,3321.63
2121,Alice Johnson,41,Male,New York,2025-02-03,2045.76
2122,Tina Smith,32,Male,Denver,2025-03-14,596.31
2123,Paula Jones,49,Male,Seattle,2026-08-07,493.0
2124,Charlie Davis,49,Female,Seattle,2026-06-13,948.52
2125,Laura Johnson,41,Male,Miami,2025-07-23,2179.92
2126,Quentin Jones,58,Female,New York,2025-12-31,3719.63
2127,Charlie Garcia,69,Female,Miami,2026-03-29,2132.21
2128,Nina Martinez,66,Male,Denver,2024-05-04,3205.68
2129,Bob Brown,66,Female,Denver,2026-01-03,2910.85
2130,Bob Brown,69,Female,Chicago,2026-03-03,5035.23
2131,Paula Davis,29,Male,New York,2025-04-21,397.31
2132,Frank Jones,56,Male,Seattle,2025-01-12,658.9
2133,Henry Johnson,19,Female,Los Angeles,2024-03-18,1325.76
2134,Quentin Jones,20,Female,Seattle,2024-07-21,4588.01
2135,Quentin Brown,66,Female,Chicago,2026-05-25,7038.05
2136,Grace Martinez,54,Male,Los Angeles,2025-11-03,4322.38
2137,Oscar Garcia,66,Female,New York,2025-03-28,1265.07
2138,Jack Davis,34,Male,Denver,2025-04-11,5106.19
2139,Mike Garcia,66,Female,Denver,2026-05-28,3433.41
2140,Grace Brown,19,Female,Houston,2025-06-30,1300.73
2141,Bob Garcia,19,Female,Seattle,2025-12-29,933.82
2142,Eva Davis,45,Male,Chicago,2025-11-08,3054.75
2143,Tina Garcia,40,Male,Denver,2026-07-04,1123.87
2144,Rachel Davis,54,Male,Chicago,2024-04-01,2246.48
2145,Eva Johnson,49,Female,Phoenix,2025-12-27,1638.52
2146,Victor Miller,50,Male,Miami,2025-08-03,1612.99
2147,Nina Garcia,18,Female,New York,2026-09-06,1556.57
2148,Henry Jones,36,Male,Los Angeles,2024-01-28,5368.24
2149,Diana Johnson,19,Female,Chicago,2026-02-14,512.07
2150,Alice Smith,61,Female,New York,2025-05-15,1566.87
2151,Mike Garcia,43,Female,Chicago,2025-05-02,3452.11
2152,Rachel Miller,49,Male,Chicago,2025-01-22,5080.23
2153,Charlie Miller,23,Male,Denver,2024-09-02,25.92
2154,Henry Davis,49,Female,Denver,2024-06-29,110.14
2155,Alice Davis,21,Female,Chicago,2025-02-13,457.65
2156,Paula Garcia,28,Female,Seattle,2024-02-08,46.16
2157,Paula Jones,34,Male,Seattle,2025-02-03,2912.2
2158,Diana Brown,55,Female,Miami,2026-05-26,3430.23
2159,Jack Smith,41,Female,Phoenix,2025-05-07,814.05
2160,Tina Smith,22,Female,Phoenix,2023-09-26,486.14
2161,Victor Garcia,69,Male,Houston,2024-12-24,5628.76
2162,Eva Johnson,51,Male,Phoenix,2025-02-04,496.72
2163,Bob Garcia,23,Male,Los Angeles,2026-02-28,635.16
2164,Laura Miller,39,Male,Houston,2025-05-06,4617.27
2165,Steve Garcia,28,Female,Chicago,2024-06-06,334.6
2166,Quentin Jones,65,Female,Los Angeles,2025-02-17,411.93
2167,Charlie Williams,33,Male,Seattle,2026-04-26,0.0
2168,Charlie Miller,50,Male,Phoenix,2025-09-28,189.37
2169,Paula Garcia,26,Female,Seattle,2024-05-20,341.38
2170,Diana Brown,23,Female,New York,2025-10-09,543.4
2171,Victor Brown,33,Male,Denver,2025-07-12,1947.89
2172,Oscar Johnson,46,Male,New York,2025-05-20,2084.82
2173,Jack Davis,20,Male,Los Angeles,2023-11-25,1743.37
2174,Steve Williams,37,Female,Denver,2025-01-02,1308.3
2175,Steve Miller,53,Male,Seattle,2025-10-08,3497.18
2176,Quentin Miller,36,Female,New York,2024-03-30,1171.36
2177,Grace Davis,43,Female,Houston,2025-10-07,910.94
2178,Diana Garcia,20,Female,New York,2025-09-21,1170.85
2179,Ivy Brown,36,Male,Denver,2025-12-03,154.98
2180,Grace Smith,37,Male,Miami,2024-03-15,292.73
2181,Eva Brown,49,Male,Houston,2025-01-20,1310.39
2182,Henry Garcia,24,Male,New York,2024-11-25,7159.42
2183,Eva Williams,69,Female,Chicago,2025-03-30,3964.2
2184,Alice Williams,58,Male,Miami,2024-04-22,3538.4
2185,Tina Garcia,50,Male,Chicago,2025-01-09,3473.53
2186,Bob Williams,57,Female,Los Angeles,2025-03-06,5589.78
2187,Quentin Davis,56,Female,Los Angeles,2024-01-18,4210.2
2188,Rachel Brown,35,Male,Phoenix,2026-03-23,107.4
2189,Alice Smith,57,Female,Seattle,2026-04-05,1929.26
2190,Diana Davis,18,Female,Los Angeles,2026-01-30,3736.32
2191,Laura Williams,28,Male,Chicago,2024-02-22,975.16
2192,Victor Martinez,45,Female,Seattle,2025-03-26,1049.39
2193,Jack Davis,42,Female,Los Angeles,2026-08-31,758.78
2194,Steve Brown,67,Female,Denver,2024-05-01,4138.61
2195,Oscar Garcia,40,Female,Seattle,2024-12-20,1476.08
2196,Diana Garcia,48,Female,Miami,2026-01-08,1864.75
2197,Mike Williams,47,Female,Los Angeles,2025-02-13,4887.52
2198,Charlie Johnson,59,Female,Los Angeles,2024-03-14,3625.72
2199,Eva Martinez,52,Male,Miami,2025-10-12,2962.0
2200,Oscar Garcia,24,Female,New York,2024-05-17,2287.11
2201,Victor Jones,33,Female,Los Angeles,2025-04-21,457.38
2202,Grace Williams,43,Female,Houston,2026-07-15,6621.34
2203,Mike Martinez,65,Female,Los Angeles,2024-04-18,367.15
2204,Tina Brown,69,Female,New York,2025-04-02,4597.53
2205,Alice Williams,66,Female,Phoenix,2025-03-10,4568.37
2206,Mike Smith,19,Male,Chicago,2025-08-05,1355.38
2207,Charlie Williams,18,Male,Los Angeles,2025-12-08,2510.26
2208,Grace Miller,65,Female,Denver,2026-08-31,8630.47
2209,Frank Garcia,29,Female,Miami,2025-08-08,1104.61
2210,Bob Williams,22,Male,New York,2024-03-01,591.48
2211,Ivy Davis,54,Female,Denver,2024-02-24,2739.04
2212,Oscar Jones,49,Male,Los Angeles,2026-03-03,2411.39
2213,Oscar Johnson,26,Female,Denver,2025-08-16,914.76
2214,Jack Smith,58,Male,Seattle,2026-08-24,2329.13
2215,Alice Brown,52,Female,Houston,2023-12-31,2075.96
2216,Ivy Jones,36,Female,Los Angeles,2024-06-17,414.32
2217,Quentin Miller,65,Male,Chicago,2023-09-25,3465.22
2218,Steve Brown,33,Female,Los Angeles,2025-10-27,37.95
2219,Bob Miller,20,Male,Denver,2025-12-01,1848.99
2220,Laura Miller,37,Female,Seattle,2024-02-16,3235.68
2221,Diana Miller,41,Male,Miami,2025-04-24,3853.04
2222,Victor Davis,50,Female,Los Angeles,2024-08-26,1549.18
2223,Diana Brown,41,Female,Seattle,2026-02-20,741.08
2224,Charlie Miller,69,Female,Miami,2026-08-18,7664.15
2225,Laura Williams,28,Male,Los Angeles,2024-12-06,4677.65
2226,Rachel Brown,66,Female,Miami,2026-08-31,3325.23
2227,Henry Johnson,25,Male,Phoenix,2024-07-08,1408.19
2228,Frank Williams,53,Male,Chicago,2024-10-18,3303.49
2229,Paula Davis,55,Female,Miami,2026-06-17,668.2
2230,Paula Johnson,57,Female,Denver,2024-07-15,3191.03
2231,Ivy Smith,37,Female,Los Angeles,2025-05-22,1658.74
2232,Paula Davis,52,Male,New York,2025-06-06,2178.28
2233,Jack Johnson,65,Male,Seattle,2025-10-04,5382.64
2234,Tina Martinez,42,Male,Denver,2026-04-14,25.92
2235,Laura Davis,52,Male,New York,2024-09-29,1477.36
2236,Diana Garcia,42,Male,Chicago,2026-03-20,1799.22
2237,Henry Davis,46,Female,Chicago,2023-11-29,401.34
2238,Mike Jones,35,Female,Seattle,2025-09-24,1277.52
2239,Victor Smith,63,Female,Los Angeles,2025-08-02,731.11
2240,Diana Martinez,35,Female,Phoenix,2025-07-16,724.07
2241,Victor Williams,19,Female,Los Angeles,2025-02-07,1679.36
2242,Mike Jones,52,Female,Chicago,2024-06-25,947.52
2243,Jack Martinez,33,Female,Miami,2024-03-01,888.76
2244,Rachel Johnson,58,Female,Miami,2024-05-28,1568.43
2245,Mike Jones,53,Male,Houston,2023-10-17,3612.88
2246,Quentin Brown,50,Male,Chicago,2025-08-09,1177.34
2247,Charlie Jones,21,Male,New York,2024-07-23,643.67
2248,Victor Williams,50,Female,Chicago,2025-07-30,1065.43
2249,Frank Williams,31,Female,New York,2024-08-07,903.1
2250,Mike Brown,38,Female,Phoenix,2025-12-29,5507.77
2251,Henry Martinez,65,Male,Phoenix,2026-03-17,2512.09
2252,Grace Garcia,37,Female,Denver,2026-04-27,933.03
2253,Nina Martinez,25,Female,Chicago,2025-04-09,2334.07
2254,Victor Williams,24,Female,New York,2024-10-22,394.73
2255,Mike Martinez,20,Male,Los Angeles,2026-05-21,1040.98
2256,Charlie Williams,34,Female,Denver,2025-04-15,1151.48
2257,Eva Miller,50,Male,Houston,2026-07-27,1249.24
2258,Mike Smith,65,Female,New York,2026-03-21,1844.86
2259,Rachel Garcia,29,Male,Seattle,2025-11-29,1518.86
2260,Mike Brown,68,Male,Miami,2024-02-24,728.55
2261,Laura Williams,39,Male,New York,2024-03-30,396.78
2262,Quentin Williams,39,Female,Denver,2025-04-19,788.5
2263,Charlie Smith,63,Female,Houston,2023-09-20,3712.45
2264,Steve Martinez,47,Female,Los Angeles,2024-07-12,2417.16
2265,Henry Jones,55,Male,New York,2025-04-22,2301.22
2266,Oscar Davis,55,Male,Los Angeles,2025-01-10,2613.73
2267,Victor Martinez,62,Male,Houston,2026-06-29,1898.86
2268,Jack Miller,68,Male,Miami,2024-06-30,5186.09
2269,Tina Miller,25,Male,Los Angeles,2025-01-14,365.8
2270,Mike Johnson,44,Male,Seattle,2026-08-17,1274.22
2271,Bob Miller,44,Female,Phoenix,2026-04-29,3108.53
2272,Mike Johnson,51,Female,Houston,2023-10-13,6096.98
2273,Tina Garcia,38,Male,New York,2024-04-09,334.6
2274,Steve Garcia,47,Male,Denver,2025-08-31,4276.39
2275,Frank Williams,50,Male,Denver,2026-05-17,1877.36
2276,Jack Brown,45,Male,Houston,2023-11-24,963.46
2277,Laura Jones,64,Female,Denver,2023-12-04,8100.21
2278,Bob Brown,50,Female,Miami,2025-02-09,3027.8
2279,Laura Jones,22,Male,Miami,2023-12-16,151.8
2280,Nina Davis,65,Female,Miami,2026-02-20,2854.08
2281,Quentin Davis,36,Female,Phoenix,2024-09-26,2076.87
2282,Oscar Johnson,21,Female,Chicago,2024-02-26,480.35
2283,Laura Johnson,52,Male,Miami,2025-05-03,2828.09
2284,Jack Davis,66,Female,Chicago,2025-05-07,4223.83
2285,Mike Davis,34,Male,Miami,2026-03-07,264.75
2286,Ivy Smith,61,Male,Seattle,2026-02-16,6320.22
2287,Rachel Williams,45,Male,Chicago,2025-09-23,503.17
2288,Bob Williams,47,Male,Houston,2026-02-23,1041.13
2289,Mike Miller,46,Male,Chicago,2025-09-29,2121.51
2290,Mike Garcia,63,Female,Los Angeles,2026-03-19,3173.25
2291,Rachel Garcia,23,Female,Miami,2024-06-17,2386.85
2292,Henry Johnson,52,Male,Chicago,2025-04-02,3203.02
2293,Rachel Miller,58,Male,Phoenix,2026-06-28,4724.92
2294,Paula Brown,54,Female,Denver,2025-02-24,3828.19
2295,Diana Williams,41,Male,Denver,2024-10-23,3244.44
2296,Paula Johnson,46,Female,Miami,2024-08-28,5993.46
2297,Steve Martinez,66,Female,Phoenix,2024-01-20,8847.41
2298,Frank Garcia,63,Male,Los Angeles,2024-07-28,1465.47
2299,Eva Brown,48,Female,New York,2024-10-25,3227.45
2300,Steve Garcia,52,Female,Chicago,2025-09-18,1702.47
2301,Charlie Jones,50,Female,Denver,2024-03-04,1601.6
2302,Oscar Miller,69,Male,Chicago,2026-08-21,4370.23
2303,Charlie Davis,38,Female,Miami,2025-06-20,1398.42
2304,Steve Williams,49,Male,Seattle,2024-05-29,1105.6
2305,Bob Johnson,40,Male,Phoenix,2026-07-05,4151.83
2306,Frank Garcia,50,Male,Miami,2024-08-12,3127.78
2307,Jack Johnson,20,Female,Houston,2026-08-07,0.0
2308,Eva Jones,35,Male,Chicago,2025-03-25,340.87
2309,Frank Garcia,42,Male,New York,2024-07-21,1302.0
2310,Bob Jones,59,Male,Seattle,2024-02-23,3068.65
2311,Quentin Martinez,48,Female,Phoenix,2023-11-11,2306.21
2312,Henry Miller,20,Female,Denver,2026-05-26,1157.52
2313,Bob Williams,57,Female,Seattle,2024-02-06,2788.2
2314,Paula Brown,63,Female,Chicago,2026-05-28,5179.08
2315,Laura Garcia,41,Female,Chicago,2025-06-11,3854.09
2316,Rachel Martinez,67,Male,Miami,2025-10-07,3936.23
2317,Paula Johnson,49,Female,Denver,2025-01-17,3800.48
2318,Eva Johnson,64,Male,Phoenix,2025-01-29,2705.73
2319,Victor Miller,39,Male,Chicago,2025-11-04,742.99
2320,Tina Garcia,40,Male,Chicago,2025-07-11,673.9
2321,Rachel Davis,19,Female,Phoenix,2026-06-26,1423.8
2322,Alice Johnson,44,Female,Denver,2026-06-24,3195.77
2323,Grace Garcia,59,Male,New York,2025-01-15,2084.07
2324,Quentin Davis,19,Female,New York,2025-04-08,462.62
2325,Oscar Williams,43,Female,Miami,2024-04-17,1944.58
2326,Mike Smith,34,Female,New York,2025-12-13,541.66
2327,Mike Martinez,57,Female,Los Angeles,2024-10-12,1831.61
2328,Rachel Davis,50,Female,Los Angeles,2025-11-09,1769.93
2329,Diana Miller,26,Female,Miami,2024-05-30,46.16
2330,Eva Brown,60,Female,New York,2025-09-27,3027.36
2331,Bob Williams,65,Female,Denver,2023-12-11,2787.8
2332,Paula Williams,56,Male,Miami,2026-08-08,4207.54
2333,Frank Miller,46,Female,Miami,2025-06-23,2915.99
2334,Rachel Martinez,59,Female,Phoenix,2026-07-14,1356.82
2335,Alice Garcia,43,Female,Los Angeles,2026-05-09,4779.58
2336,Tina Jones,52,Male,Denver,2026-01-10,2441.5
2337,Tina Brown,67,Male,Denver,2025-03-06,3822.33
2338,Rachel Miller,42,Male,Houston,2024-08-24,2868.33
2339,Tina Johnson,41,Male,New York,2023-11-13,1231.0
2340,Laura Miller,30,Male,Seattle,2026-03-01,2133.42
2341,Oscar Martinez,24,Female,New York,2024-10-31,0.0
2342,Rachel Brown,53,Female,Denver,2024-06-18,5792.45
2343,Nina Garcia,62,Male,Denver,2026-08-21,3653.32
2344,Laura Martinez,37,Female,Phoenix,2026-09-05,965.58
2345,Grace Brown,18,Female,Phoenix,2026-05-28,1333.94
2346,Jack Jones,25,Male,Denver,2024-12-13,993.94
2347,Quentin Garcia,63,Female,Phoenix,2025-06-20,5159.03
2348,Tina Martinez,33,Female,Seattle,2024-05-16,303.24
2349,Eva Jones,31,Male,Phoenix,2025-08-16,5019.08
2350,Mike Davis,29,Female,Denver,2024-02-18,496.63
2351,Grace Martinez,68,Female,Phoenix,2024-11-21,2227.85
2352,Diana Brown,40,Male,New York,2024-06-17,2278.15
2353,Henry Brown,32,Male,Los Angeles,2026-09-01,268.75
2354,Laura Davis,45,Male,Chicago,2026-01-03,1684.42
2355,Steve Williams,51,Female,Denver,2023-09-20,1242.34
2356,Grace Jones,19,Female,Phoenix,2026-05-14,1232.06
2357,Charlie Brown,49,Male,Chicago,2024-01-09,2203.26
2358,Frank Smith,40,Female,Denver,2026-01-12,880.87
2359,Jack Smith,39,Male,Phoenix,2024-09-25,2415.55
2360,Laura Jones,68,Female,Denver,2024-04-16,3679.4
2361,Rachel Davis,42,Female,Houston,2024-06-10,116.2
2362,Laura Williams,39,Female,Phoenix,2024-04-27,1827.42
2363,Alice Garcia,39,Female,Houston,2024-09-25,565.3
2364,Victor Miller,66,Female,Miami,2024-09-03,5540.02
2365,Nina Johnson,69,Male,Chicago,2024-03-05,3242.23
2366,Laura Brown,59,Male,Phoenix,2026-05-14,1020.06
2367,Henry Davis,23,Female,Miami,2025-11-03,3175.12
2368,Tina Smith,32,Female,Miami,2025-05-20,1851.3
2369,Bob Johnson,60,Female,Phoenix,2025-01-05,2720.34
2370,Nina Martinez,54,Female,Los Angeles,2024-08-02,3948.1
2371,Mike Brown,50,Male,Chicago,2025-05-06,4677.18
2372,Eva Davis,25,Female,Seattle,2026-05-16,2572.14
2373,Steve Brown,61,Male,Los Angeles,2026-05-01,2636.77
2374,Paula Martinez,61,Female,Los Angeles,2026-08-21,3903.72
2375,Bob Martinez,22,Male,Chicago,2024-04-26,1198.7
2376,Laura Martinez,56,Female,Los Angeles,2024-08-11,4350.2
2377,Tina Davis,21,Male,Denver,2024-11-03,216.52
2378,Paula Williams,23,Female,Denver,2024-01-01,1578.08
2379,Steve Davis,62,Female,New York,2024-01-06,3125.59
2380,Ivy Smith,49,Male,Los Angeles,2025-11-28,2831.03
2381,Oscar Garcia,69,Male,New York,2023-12-11,4368.91
2382,Quentin Smith,47,Female,Seattle,2024-01-29,1208.76
2383,Eva Miller,64,Female,Seattle,2024-09-12,4577.44
2384,Nina Miller,52,Male,Chicago,2026-03-16,2032.15
2385,Diana Williams,57,Female,Chicago,2025-08-22,4255.02
2386,Alice Smith,69,Female,Denver,2024-12-09,3241.2
2387,Steve Miller,33,Male,Houston,2026-01-25,1883.06
2388,Mike Williams,30,Female,Houston,2026-04-10,997.62
2389,Bob Miller,67,Male,Houston,2024-04-28,6739.41
2390,Charlie Johnson,59,Male,Denver,2024-11-05,2282.46
2391,Henry Smith,47,Female,Denver,2023-12-18,4038.03
2392,Steve Brown,36,Male,Chicago,2025-01-01,2558.23
2393,Jack Brown,34,Female,Miami,2026-07-07,387.82
2394,Jack Williams,36,Male,Seattle,2025-01-07,1263.9
2395,Ivy Smith,45,Male,Seattle,2025-05-17,927.93
2396,Bob Garcia,43,Female,Miami,2026-06-21,1984.22
2397,Oscar Williams,54,Female,Seattle,2026-01-09,4994.24
2398,Steve Davis,43,Male,Houston,2024-09-20,2186.74
2399,Eva Davis,40,Male,Seattle,2025-05-17,354.7
2400,Steve Martinez,26,Male,Seattle,2026-01-10,1562.34
2401,Ivy Brown,29,Female,Los Angeles,2025-01-19,277.72
2402,Mike Johnson,18,Male,New York,2026-03-19,4089.34
2403,Nina Smith,18,Male,Houston,2025-03-12,131.37
2404,Quentin Brown,64,Female,Phoenix,2024-11-27,4906.07
2405,Grace Brown,51,Male,Denver,2023-10-11,1603.17
2406,Victor Brown,49,Female,Houston,2025-01-18,2794.24
2407,Jack Miller,65,Female,Miami,2025-06-29,4481.22
2408,Ivy Garcia,42,Female,Denver,2025-06-02,1041.56
2409,Quentin Garcia,57,Male,Miami,2024-03-29,1520.02
2410,Oscar Smith,62,Male,Chicago,2025-06-11,2646.12
2411,Ivy Martinez,18,Female,Phoenix,2023-10-13,601.72
2412,Grace Garcia,33,Male,Seattle,2024-07-18,0.0
2413,Quentin Martinez,56,Female,Phoenix,2025-01-25,5421.72
2414,Quentin Davis,22,Male,Miami,2026-06-06,343.23
2415,Eva Martinez,39,Female,Chicago,2024-08-21,342.16
2416,Rachel Smith,46,Male,New York,2024-01-08,1997.63
2417,Oscar Williams,20,Male,Los Angeles,2023-09-23,333.76
2418,Alice Brown,29,Female,Miami,2024-07-15,1657.07
2419,Victor Davis,43,Female,New York,2024-01-11,2624.49
2420,Steve Martinez,33,Female,New York,2023-09-23,1135.16
2421,Rachel Jones,68,Female,New York,2023-10-14,5603.61
2422,Oscar Williams,54,Male,Los Angeles,2026-07-04,2327.68
2423,Eva Brown,39,Male,Phoenix,2026-08-18,2229.41
2424,Ivy Miller,46,Male,Miami,2025-09-04,0.0
2425,Paula Brown,31,Male,Phoenix,2025-12-19,1112.25
2426,Bob Johnson,45,Female,Seattle,2024-02-22,1541.48
2427,Steve Davis,22,Male,New York,2025-10-21,1951.06
2428,Charlie Davis,64,Female,Miami,2024-08-25,2836.17
2429,Rachel Smith,66,Male,Houston,2024-03-23,3438.42
2430,Ivy Smith,47,Male,Phoenix,2026-05-10,4546.64
2431,Frank Garcia,63,Male,Houston,2023-11-16,2531.96
2432,Nina Johnson,69,Female,Chicago,2024-07-01,3466.18
2433,Tina Miller,22,Female,Seattle,2025-01-14,281.29
2434,Charlie Martinez,29,Female,New York,2024-06-22,337.08
2435,Oscar Brown,33,Male,Miami,2024-03-28,562.64
2436,Laura Smith,43,Female,Denver,2025-11-30,1875.91
2437,Henry Garcia,43,Female,Seattle,2026-06-10,157.77
2438,Tina Miller,65,Male,Phoenix,2024-09-24,5329.74
2439,Charlie Johnson,38,Female,Chicago,2025-01-26,2429.57
2440,Eva Miller,56,Female,Miami,2025-10-27,229.4
2441,Charlie Smith,53,Female,Denver,2024-04-15,3947.9
2442,Ivy Johnson,50,Male,Los Angeles,2025-09-16,2646.09
2443,Oscar Davis,47,Female,Los Angeles,2024-09-27,2900.89
2444,Charlie Garcia,54,Male,Miami,2023-11-02,2112.13
2445,Alice Jones,40,Female,Seattle,2025-11-06,2094.91
2446,Steve Brown,27,Male,Seattle,2024-03-01,358.47
2447,Eva Jones,22,Female,Phoenix,2024-08-22,115.46
2448,Eva Johnson,53,Male,Seattle,2026-06-15,3074.32
2449,Oscar Jones,51,Female,Los Angeles,2025-03-28,4115.36
2450,Ivy Brown,69,Female,Houston,2025-09-18,389.15
2451,Diana Williams,48,Female,New York,2026-04-04,1242.66
2452,Laura Miller,27,Female,Denver,2025-11-28,1793.19
2453,Oscar Williams,36,Female,Miami,2025-07-26,2500.44
2454,Quentin Garcia,49,Male,Seattle,2024-10-25,700.9
2455,Jack Davis,18,Male,Miami,2025-06-24,568.99
2456,Ivy Miller,22,Female,Los Angeles,2025-10-19,37.95
2457,Tina Martinez,62,Male,New York,2024-10-23,833.12
2458,Grace Davis,21,Female,Los Angeles,2026-04-12,1252.92
2459,Quentin Williams,33,Female,Houston,2025-12-25,633.47
2460,Eva Miller,41,Female,Los Angeles,2025-02-08,260.79
2461,Victor Davis,33,Female,Seattle,2026-03-17,343.23
2462,Mike Martinez,19,Male,Los Angeles,2023-11-24,244.36
2463,Mike Williams,66,Male,Seattle,2025-01-30,1017.43
2464,Oscar Johnson,45,Male,Los Angeles,2025-07-20,4645.33
2465,Henry Martinez,49,Male,Denver,2025-02-20,2289.95
2466,Nina Davis,44,Male,Miami,2025-10-15,2781.28
2467,Quentin Johnson,37,Female,Seattle,2023-10-30,2840.78
2468,Diana Williams,41,Female,Phoenix,2024-03-03,1596.72
2469,Paula Brown,29,Female,Miami,2025-08-12,334.38
2470,Diana Davis,67,Female,Miami,2026-05-12,8718.58
2471,Jack Smith,52,Male,New York,2024-01-25,4557.43
2472,Diana Williams,50,Male,Chicago,2025-08-12,1135.55
2473,Laura Martinez,50,Female,Denver,2024-08-02,2645.57
2474,Nina Williams,68,Male,Seattle,2024-12-27,4615.63
2475,Alice Brown,60,Female,Seattle,2025-11-28,1391.09
2476,Alice Brown,54,Male,Phoenix,2025-11-14,3357.87
2477,Tina Johnson,29,Male,Miami,2024-01-16,527.52
2478,Grace Davis,20,Male,Phoenix,2025-07-08,588.17
2479,Rachel Garcia,18,Female,Seattle,2026-06-08,534.93
2480,Mike Garcia,50,Female,Chicago,2024-04-30,2741.47
2481,Victor Johnson,57,Male,Miami,2025-05-11,2862.09
2482,Henry Jones,27,Male,Chicago,2024-05-08,1649.92
2483,Eva Martinez,60,Female,Seattle,2025-10-13,3941.51
2484,Tina Miller,61,Female,Chicago,2024-06-18,4466.78
2485,Steve Williams,46,Male,Denver,2026-06-02,4567.38
2486,Eva Williams,30,Female,Denver,2025-04-23,1113.57
2487,Mike Smith,29,Female,Chicago,2023-12-28,0.0
2488,Nina Martinez,48,Female,Seattle,2024-10-13,1155.46
2489,Oscar Davis,63,Female,Chicago,2026-06-13,2217.95
2490,Tina Smith,19,Male,Phoenix,2024-02-26,1405.9
2491,Ivy Brown,68,Female,Chicago,2023-11-15,6024.27
2492,Tina Davis,67,Male,Los Angeles,2026-04-03,2868.86
2493,Steve Garcia,52,Male,Denver,2025-03-11,1929.06
2494,Oscar Johnson,40,Male,Phoenix,2024-11-30,1881.74
2495,Paula Jones,34,Female,Los Angeles,2023-11-15,173.19
2496,Diana Brown,43,Male,Miami,2026-02-25,1508.46
2497,Frank Williams,25,Male,Houston,2026-02-02,1171.74
2498,Tina Garcia,46,Female,Chicago,2024-01-09,1303.87
2499,Jack Jones,43,Female,Los Angeles,2025-07-03,0.0
2500,Oscar Smith,27,Female,Chicago,2024-06-13,202.2
2501,Henry Williams,43,Female,Houston,2024-06-07,2461.32
2502,Quentin Williams,51,Female,Seattle,2025-11-22,2854.68
2503,Paula Johnson,68,Male,Seattle,2025-10-17,4959.7
2504,Ivy Garcia,58,Female,Denver,2026-07-31,3920.68
2505,Tina Smith,24,Male,Denver,2025-07-11,3159.97
2506,Charlie Martinez,21,Female,Houston,2025-09-12,550.42
2507,Grace Davis,67,Female,Miami,2026-02-05,4534.04
2508,Laura Martinez,62,Male,Denver,2025-04-12,3646.06
2509,Bob Smith,28,Male,Denver,2025-08-13,2157.23
2510,Diana Williams,46,Female,Denver,2023-10-13,1774.54
2511,Oscar Brown,53,Male,Phoenix,2023-09-11,3315.24
2512,Ivy Johnson,42,Female,Phoenix,2024-07-31,481.18
2513,Mike Williams,38,Male,Seattle,2024-02-25,1562.42
2514,Henry Miller,53,Male,Los Angeles,2025-05-27,1689.96
2515,Grace Davis,27,Male,Chicago,2023-09-12,1793.26
2516,Rachel Davis,54,Male,New York,2024-12-16,1348.54
2517,Diana Miller,26,Male,Denver,2025-08-13,0.0
2518,Henry Miller,41,Male,Los Angeles,2024-02-02,1123.71
2519,Laura Garcia,52,Female,Chicago,2024-04-08,1286.89
2520,Eva Williams,66,Male,New York,2025-11-01,1633.62
2521,Paula Garcia,52,Male,Chicago,2024-08-11,2143.55
2522,Victor Davis,65,Male,Los Angeles,2025-12-31,3210.63
2523,Eva Johnson,53,Female,Miami,2024-04-02,914.76
2524,Laura Williams,35,Male,Phoenix,2026-02-05,1917.98
2525,Henry Martinez,66,Female,New York,2024-02-29,5657.34
2526,Grace Martinez,56,Male,Seattle,2025-05-19,6421.45
2527,Bob Brown,49,Female,Seattle,2025-05-07,791.2
2528,Henry Davis,41,Male,New York,2024-04-27,2076.24
2529,Laura Williams,40,Female,Seattle,2025-09-18,652.5
2530,Steve Williams,49,Female,Los Angeles,2025-09-27,1604.66
2531,Tina Johnson,54,Male,Phoenix,2023-10-14,4834.77
2532,Bob Smith,29,Female,Phoenix,2024-11-24,2330.97
2533,Oscar Miller,66,Female,Los Angeles,2026-07-02,4746.99
2534,Ivy Johnson,30,Female,Los Angeles,2024-07-18,3364.04
2535,Grace Williams,40,Female,Seattle,2026-07-23,3179.2
2536,Jack Miller,42,Male,New York,2024-01-23,643.72
2537,Charlie Miller,52,Male,Denver,2025-01-22,3309.97
2538,Jack Williams,58,Male,New York,2023-12-31,2416.42
2539,Alice Williams,47,Female,Miami,2024-06-17,1926.66
2540,Rachel Jones,34,Male,Miami,2026-08-16,315.54
2541,Ivy Johnson,66,Male,Miami,2024-05-26,3846.89
2542,Ivy Martinez,37,Male,Phoenix,2026-02-05,754.65
2543,Quentin Davis,65,Female,New York,2024-02-14,3658.06
2544,Tina Williams,42,Female,Chicago,2026-06-29,2198.42
2545,Diana Johnson,39,Male,New York,2025-02-13,1052.69
2546,Alice Brown,30,Male,Denver,2023-12-09,3437.04
2547,Nina Williams,36,Male,New York,2025-09-24,2017.22
2548,Henry Garcia,66,Male,Seattle,2026-01-15,6465.93
2549,Ivy Johnson,53,Female,Los Angeles,2025-06-26,1801.01
2550,Bob Williams,29,Male,New York,2026-07-04,951.26
2551,Charlie Davis,58,Female,Phoenix,2025-12-09,2618.68
2552,Charlie Martinez,36,Female,New York,2025-07-11,3420.62
2553,Grace Jones,29,Female,Houston,2025-10-04,91.45
2554,Mike Davis,26,Male,Houston,2026-04-17,4166.24
2555,Alice Miller,24,Male,Houston,2024-07-14,1091.94
2556,Alice Garcia,45,Male,Seattle,2025-08-19,1206.13
2557,Diana Brown,31,Male,Seattle,2025-05-31,250.95
2558,Bob Williams,48,Female,Los Angeles,2026-06-13,3188.78
2559,Henry Martinez,69,Female,Miami,2023-12-08,6990.65
2560,Charlie Johnson,36,Male,Seattle,2026-04-05,1472.3
2561,Tina Smith,64,Female,Chicago,2024-02-10,2343.86
2562,Jack Jones,33,Female,Seattle,2025-01-06,825.44
2563,Laura Davis,22,Female,Houston,2025-07-09,1455.57
2564,Grace Williams,52,Male,Chicago,2024-02-09,1265.58
2565,Frank Davis,29,Female,Miami,2024-04-13,1048.15
2566,Diana Martinez,42,Female,Houston,2025-12-20,1328.33
2567,Jack Davis,69,Female,Los Angeles,2026-03-23,4253.5
2568,Frank Jones,38,Male,Houston,2024-03-13,317.58
2569,Eva Johnson,53,Male,Miami,2025-07-12,2946.09
2570,Rachel Smith,40,Female,Phoenix,2025-11-29,839.56
2571,Alice Miller,33,Female,Houston,2024-08-31,174.72
2572,Paula Johnson,56,Male,Los Angeles,2024-03-21,135.85
2573,Bob Brown,62,Male,Houston,2023-10-04,1675.53
2574,Mike Johnson,59,Female,Los Angeles,2025-12-08,5718.06
2575,Charlie Brown,56,Female,Chicago,2023-10-24,942.8
2576,Laura Johnson,31,Male,Denver,2024-03-16,77.76
2577,Frank Miller,48,Female,Denver,2023-12-22,6005.15
2578,Nina Miller,22,Male,Miami,2023-11-09,564.44
2579,Frank Jones,52,Female,Denver,2024-11-22,1249.81
2580,Bob Brown,40,Female,Denver,2024-07-10,1248.06
2581,Steve Davis,46,Male,Los Angeles,2025-12-31,1651.71
2582,Nina Williams,60,Female,Houston,2025-04-04,2384.75
2583,Henry Martinez,28,Male,Seattle,2026-08-21,342.79
2584,Quentin Martinez,35,Female,Miami,2025-09-14,711.11
2585,Laura Miller,64,Female,Chicago,2026-07-04,6891.22
2586,Laura Brown,29,Male,Phoenix,2023-11-02,764.22
2587,Quentin Martinez,26,Female,Houston,2024-01-07,1871.07
2588,Diana Brown,27,Male,Phoenix,2024-08-01,920.63
2589,Bob Brown,61,Female,Miami,2026-09-06,2004.89
2590,Frank Brown,34,Female,Miami,2024-08-30,157.77
2591,Mike Williams,55,Male,Denver,2023-11-06,1012.78
2592,Frank Davis,24,Male,Los Angeles,2025-06-03,1303.73
2593,Henry Brown,63,Male,Denver,2024-01-03,1651.14
2594,Laura Brown,30,Male,Miami,2023-09-11,167.3
2595,Laura Smith,57,Male,Chicago,2024-09-07,339.73
2596,Diana Martinez,59,Female,Los Angeles,2024-06-26,652.71
2597,Nina Johnson,26,Female,Phoenix,2025-10-14,953.48
2598,Eva Williams,67,Female,Denver,2025-07-01,2960.68
2599,Frank Martinez,44,Female,Houston,2025-06-20,1625.37
2600,Nina Jones,19,Female,Chicago,2024-09-03,2674.39
2601,Alice Miller,22,Male,Chicago,2024-09-07,591.96
2602,Victor Brown,46,Male,Denver,2025-06-22,5183.7
2603,Laura Johnson,54,Male,Miami,2024-06-24,2784.16
2604,Frank Johnson,55,Female,Denver,2025-06-25,4129.14
2605,Ivy Brown,36,Male,Los Angeles,2023-10-03,2177.66
2606,Ivy Johnson,25,Male,New York,2025-08-27,3919.25
2607,Paula Miller,65,Male,Seattle,2025-11-08,5828.49
2608,Nina Garcia,62,Female,Los Angeles,2026-06-15,5094.65
2609,Tina Brown,18,Male,Denver,2026-05-18,455.23
2610,Bob Jones,39,Male,Miami,2024-02-07,2083.12
2611,Diana Johnson,69,Female,Chicago,2025-02-25,6071.39
2612,Frank Johnson,34,Male,Miami,2025-10-17,3194.01
2613,Alice Miller,24,Male,Seattle,2026-05-25,726.38
2614,Bob Johnson,42,Female,Houston,2024-07-27,1671.29
2615,Oscar Martinez,62,Female,Phoenix,2024-10-03,2605.53
2616,Henry Johnson,21,Male,Seattle,2025-05-11,564.74
2617,Eva Smith,53,Female,New York,2026-06-11,939.15
2618,Charlie Jones,23,Female,Houston,2026-02-01,485.7
2619,Alice Brown,48,Male,Phoenix,2024-03-26,4253.04
2620,Quentin Johnson,36,Female,Seattle,2024-02-24,304.5
2621,Quentin Jones,61,Male,Seattle,2026-05-01,3748.29
2622,Mike Miller,56,Female,Chicago,2024-09-22,2851.58
2623,Bob Jones,44,Female,Denver,2026-03-10,1287.47
2624,Henry Jones,27,Male,Chicago,2025-03-02,0.0
2625,Charlie Garcia,43,Female,Houston,2024-03-26,1350.47
2626,Nina Martinez,36,Female,Denver,2024-01-12,1843.66
2627,Quentin Jones,56,Male,Seattle,2025-01-04,5266.98
2628,Rachel Martinez,20,Male,Los Angeles,2023-11-20,1869.32
2629,Frank Williams,62,Male,Houston,2026-03-17,2276.59
2630,Bob Miller,30,Male,Seattle,2024-05-25,1135.04
2631,Eva Jones,67,Female,Los Angeles,2024-10-27,1136.02
2632,Nina Martinez,45,Female,Miami,2024-03-06,788.88
2633,Rachel Davis,37,Male,Seattle,2025-03-28,75.9
2634,Oscar Williams,45,Male,Los Angeles,2024-04-27,592.77
2635,Tina Johnson,25,Female,Miami,2024-04-13,647.6
2636,Ivy Miller,58,Female,Denver,2025-12-29,3060.0
2637,Frank Jones,56,Female,Chicago,2023-11-25,253.34
2638,Bob Miller,18,Female,Houston,2025-12-10,4582.11
2639,Quentin Jones,20,Female,New York,2023-12-19,229.31
2640,Jack Jones,30,Female,Denver,2025-08-01,546.31
2641,Henry Williams,45,Female,Denver,2024-03-29,512.96
2642,Ivy Miller,66,Male,Houston,2025-06-28,2280.47
2643,Grace Miller,42,Female,Miami,2026-03-02,2149.44
2644,Rachel Williams,50,Male,Phoenix,2024-01-03,5922.59
2645,Nina Williams,55,Male,Chicago,2026-07-13,2570.19
2646,Grace Smith,23,Male,New York,2024-10-08,0.0
2647,Bob Garcia,61,Male,Phoenix,2026-04-01,2612.46
2648,Paula Martinez,62,Female,Los Angeles,2025-10-03,6806.9
2649,Henry Garcia,49,Female,Denver,2023-11-11,2771.48
2650,Quentin Martinez,62,Female,Miami,2024-09-07,2123.62
2651,Ivy Johnson,64,Female,New York,2024-08-09,3926.42
2652,Bob Williams,38,Male,Houston,2025-11-09,1797.34
2653,Grace Jones,33,Female,New York,2024-12-14,1597.61
2654,Quentin Williams,38,Male,New York,2023-09-28,399.22
2655,Ivy Jones,28,Female,Seattle,2024-12-11,1057.52
2656,Mike Davis,54,Female,Houston,2025-10-20,5206.55
2657,Jack Martinez,53,Female,Los Angeles,2026-04-22,2251.85
2658,Rachel Garcia,52,Female,Phoenix,2023-09-25,1218.63
2659,Quentin Johnson,36,Female,Phoenix,2024-04-18,333.76
2660,Ivy Jones,37,Female,Houston,2025-07-06,3616.86
2661,Rachel Brown,35,Male,Seattle,2024-07-13,978.03
2662,Eva Smith,64,Female,Phoenix,2025-06-25,2548.56
2663,Oscar Miller,58,Female,New York,2025-02-22,281.6
2664,Laura Brown,66,Female,Miami,2024-10-02,3635.48
2665,Jack Williams,31,Male,Phoenix,2026-07-14,631.86
2666,Quentin Williams,32,Female,Chicago,2024-03-27,849.11
2667,Charlie Brown,48,Female,Houston,2025-07-28,287.04
2668,Oscar Garcia,18,Female,Phoenix,2025-05-30,0.0
2669,Paula Johnson,20,Female,New York,2025-05-04,746.99
2670,Quentin Brown,33,Male,Seattle,2024-02-02,318.12
2671,Jack Miller,40,Male,Chicago,2026-08-30,1152.2
2672,Grace Garcia,28,Female,Denver,2024-06-17,289.7
2673,Laura Williams,29,Male,Denver,2024-06-29,934.66
2674,Frank Garcia,27,Male,New York,2025-07-22,384.38
2675,Ivy Brown,49,Male,Chicago,2026-03-23,473.92
2676,Charlie Williams,33,Female,Seattle,2026-06-08,1836.16
2677,Oscar Davis,25,Female,New York,2025-12-14,783.48
2678,Steve Brown,55,Female,New York,2023-11-26,579.76
2679,Rachel Brown,29,Male,New York,2025-06-30,1544.89
2680,Henry Garcia,41,Female,Chicago,2025-01-31,1163.47
2681,Nina Martinez,45,Female,Chicago,2024-04-07,2001.44
2682,Bob Jones,25,Female,Denver,2024-01-21,1650.44
2683,Victor Martinez,45,Female,Seattle,2026-08-10,1432.93
2684,Laura Davis,53,Female,Houston,2024-06-10,4787.6
2685,Nina Smith,43,Male,Houston,2024-08-12,1663.4
2686,Grace Smith,25,Male,Los Angeles,2024-06-04,1510.86
2687,Bob Miller,67,Female,New York,2025-09-29,1394.53
2688,Diana Smith,45,Male,Los Angeles,2023-12-17,1662.56
2689,Paula Miller,45,Male,Phoenix,2026-01-10,863.65
2690,Eva Brown,54,Male,Phoenix,2026-05-08,3424.7
2691,Diana Martinez,58,Female,Chicago,2026-01-18,3981.79
2692,Diana Martinez,53,Male,Phoenix,2026-01-14,4999.92
2693,Diana Davis,44,Male,Houston,2024-04-30,3991.28
2694,Rachel Brown,34,Female,Seattle,2025-03-01,4086.52
2695,Frank Smith,26,Female,Houston,2025-05-06,1539.84
2696,Laura Brown,50,Male,New York,2026-05-21,1955.97
2697,Diana Davis,37,Male,Los Angeles,2024-03-10,0.0
2698,Charlie Johnson,30,Female,Houston,2026-07-23,1347.84
2699,Jack Jones,45,Female,New York,2026-04-02,1200.35
2700,Frank Smith,65,Female,Miami,2024-04-01,4219.58
2701,Oscar Johnson,46,Male,New York,2025-06-11,1610.4
2702,Eva Williams,30,Female,Miami,2023-09-29,1401.99
2703,Victor Jones,63,Male,Miami,2026-02-22,3267.45
2704,Frank Johnson,52,Female,Seattle,2025-08-11,3336.28
2705,Ivy Miller,23,Female,Seattle,2026-04-01,498.53
2706,Diana Williams,35,Male,Chicago,2024-08-16,631.86
2707,Oscar Davis,68,Female,Chicago,2024-04-09,7209.73
2708,Mike Smith,22,Male,Denver,2025-10-26,882.03
2709,Diana Miller,64,Female,New York,2026-06-05,2776.5
2710,Ivy Garcia,42,Male,Houston,2024-01-17,1394.16
2711,Rachel Martinez,19,Male,Seattle,2025-08-02,336.49
2712,Quentin Garcia,27,Female,Chicago,2025-01-31,2907.6
2713,Alice Williams,47,Female,Denver,2023-12-30,871.35
2714,Charlie Davis,67,Female,Houston,2024-08-13,3090.04
2715,Ivy Smith,62,Male,Seattle,2025-07-18,2205.17
2716,Henry Johnson,22,Female,Denver,2025-12-13,1132.38
2717,Charlie Davis,50,Female,Miami,2026-03-15,1312.02
2718,Quentin Smith,18,Male,Seattle,2024-05-10,309.06
2719,Bob Martinez,35,Male,Los Angeles,2026-01-01,1709.62
2720,Rachel Martinez,49,Male,Denver,2025-05-25,2234.8
2721,Mike Smith,64,Male,Denver,2025-08-08,8803.64
2722,Steve Davis,66,Female,Denver,2025-07-20,4340.16
2723,Diana Brown,28,Male,Miami,2024-04-30,281.32
2724,Jack Martinez,38,Female,Los Angeles,2025-09-06,2220.6
2725,Frank Davis,43,Male,Seattle,2023-12-12,3086.6
2726,Ivy Brown,42,Male,Los Angeles,2024-04-16,751.08
2727,Grace Davis,39,Male,Miami,2025-11-22,491.88
2728,Oscar Smith,44,Male,Denver,2024-04-17,1211.74
2729,Tina Martinez,66,Male,Denver,2026-04-03,6903.43
2730,Rachel Smith,30,Female,Denver,2023-09-18,0.0
2731,Frank Williams,50,Male,Los Angeles,2026-07-17,1025.69
2732,Victor Garcia,51,Female,Seattle,2025-11-11,2555.94
2733,Ivy Miller,58,Female,Phoenix,2025-01-30,2353.3
2734,Eva Williams,52,Female,Phoenix,2026-03-25,1941.77
2735,Steve Brown,18,Male,Houston,2025-06-13,334.6
2736,Mike Williams,38,Male,Miami,2025-04-27,115.46
2737,Mike Martinez,65,Female,Seattle,2024-05-03,2949.9
2738,Jack Miller,23,Male,Los Angeles,2026-09-07,749.01
2739,Nina Williams,45,Male,New York,2023-10-31,3209.24
2740,Ivy Williams,34,Female,Phoenix,2024-10-23,946.09
2741,Bob Jones,22,Male,New York,2024-07-05,513.86
2742,Paula Johnson,48,Male,Seattle,2025-09-13,2472.06
2743,Rachel Jones,22,Male,Seattle,2025-01-08,271.7
2744,Oscar Garcia,55,Male,New York,2025-11-11,2392.87
2745,Grace Davis,20,Male,Miami,2025-02-05,688.22
2746,Grace Jones,40,Female,Chicago,2024-10-16,1950.56
2747,Frank Williams,54,Male,Seattle,2024-02-09,7426.22
2748,Oscar Jones,54,Female,Chicago,2023-12-02,6090.48
2749,Tina Jones,27,Male,Miami,2024-08-04,1822.87
2750,Eva Smith,27,Male,Miami,2026-04-22,500.33
2751,Victor Jones,36,Female,Miami,2023-12-23,493.44
2752,Laura Martinez,34,Male,Chicago,2024-02-06,1342.18
2753,Charlie Martinez,38,Male,Seattle,2026-08-11,1724.46
2754,Charlie Garcia,31,Male,Houston,2025-12-14,95.56
2755,Laura Garcia,26,Female,Houston,2025-07-20,1071.17
2756,Quentin Martinez,63,Male,Los Angeles,2026-08-31,1656.64
2757,Paula Brown,18,Male,New York,2025-08-18,1712.34
2758,Nina Johnson,68,Female,Phoenix,2025-06-28,1940.58
2759,Alice Martinez,62,Female,Denver,2025-04-11,3466.7
2760,Bob Jones,30,Male,Miami,2026-06-02,467.33
2761,Charlie Johnson,21,Male,New York,2026-07-28,1203.95
2762,Grace Brown,18,Female,Los Angeles,2024-01-22,1068.87
2763,Steve Miller,66,Male,Chicago,2024-11-04,9647.89
2764,Paula Garcia,57,Male,Los Angeles,2023-10-28,2954.45
2765,Bob Williams,49,Female,Los Angeles,2024-02-07,1210.64
2766,Ivy Miller,51,Female,Denver,2024-12-19,6947.47
2767,Oscar Garcia,45,Male,Seattle,2025-12-16,713.13
2768,Steve Smith,48,Male,New York,2024-05-09,2810.35
2769,Mike Martinez,25,Male,Phoenix,2024-02-05,857.32
2770,Victor Johnson,56,Female,Denver,2025-05-19,3316.94
2771,Nina Smith,43,Female,Chicago,2025-10-30,7495.91
2772,Henry Williams,51,Female,Phoenix,2026-09-06,3224.09
2773,Jack Garcia,20,Male,Chicago,2024-07-01,684.23
2774,Bob Smith,67,Female,Los Angeles,2024-05-19,1814.45
2775,Grace Garcia,29,Male,Seattle,2025-05-26,715.26
2776,Eva Williams,18,Male,Houston,2026-07-25,623.7
2777,Grace Johnson,61,Male,New York,2025-02-08,2628.25
2778,Steve Johnson,22,Female,Los Angeles,2026-04-11,1725.94
2779,Diana Brown,47,Female,Miami,2025-02-04,900.98
2780,Eva Brown,47,Male,Phoenix,2025-09-10,2544.0
2781,Grace Garcia,34,Female,Denver,2024-01-30,293.22
2782,Victor Jones,65,Male,Miami,2025-07-13,5981.18
2783,Oscar Williams,64,Male,Miami,2025-06-18,3712.63
2784,Henry Miller,40,Female,Miami,2025-01-26,1276.03
2785,Laura Davis,32,Female,Denver,2024-06-11,3211.1
2786,Jack Davis,54,Male,Chicago,2025-09-13,4184.92
2787,Ivy Williams,38,Male,Phoenix,2024-02-24,51.66
2788,Charlie Smith,31,Male,Seattle,2024-02-13,523.6
2789,Bob Martinez,19,Female,Denver,2024-11-18,2218.97
2790,Mike Miller,28,Male,Phoenix,2024-07-10,760.55
2791,Paula Martinez,68,Male,Seattle,2024-06-10,2482.96
2792,Rachel Smith,56,Male,Chicago,2025-09-24,4668.09
2793,Eva Davis,55,Male,Chicago,2026-07-28,2286.5
2794,Quentin Garcia,51,Male,Houston,2024-07-05,5412.77
2795,Henry Johnson,55,Female,Miami,2026-06-04,2408.01
2796,Bob Brown,67,Female,Seattle,2025-01-01,5175.62
2797,Paula Smith,51,Male,Miami,2026-04-28,1788.44
2798,Rachel Jones,35,Female,Chicago,2024-04-08,64.9
2799,Nina Garcia,47,Male,Phoenix,2025-10-20,1191.9
2800,Henry Martinez,32,Female,Miami,2025-10-19,599.46
2801,Quentin Davis,44,Male,Chicago,2025-08-16,2963.01
2802,Frank Brown,68,Male,Phoenix,2026-02-26,2259.67
2803,Eva Williams,51,Male,Miami,2024-11-16,4148.88
2804,Henry Miller,69,Female,Los Angeles,2024-05-09,7171.62
2805,Quentin Davis,55,Male,Chicago,2026-05-23,1845.59
2806,Alice Brown,50,Male,Chicago,2025-12-29,817.91
2807,Eva Martinez,41,Male,Chicago,2024-08-04,2605.11
2808,Frank Jones,32,Male,Seattle,2024-01-02,0.0
2809,Jack Johnson,47,Male,Denver,2023-10-18,158.93
2810,Quentin Williams,59,Male,Seattle,2026-05-02,2689.26
2811,Tina Williams,68,Female,Chicago,2024-06-28,1794.83
2812,Paula Johnson,34,Male,Seattle,2025-08-11,1296.28
2813,Eva Johnson,22,Male,Houston,2025-11-07,442.26
2814,Rachel Miller,46,Male,Los Angeles,2026-08-15,2406.45
2815,Quentin Smith,21,Male,Los Angeles,2024-09-07,457.64
2816,Eva Martinez,27,Male,Seattle,2026-05-24,870.31
2817,Oscar Garcia,34,Male,Seattle,2026-08-14,1007.54
2818,Quentin Miller,27,Female,Los Angeles,2024-12-22,270.73
2819,Eva Jones,34,Female,Houston,2026-01-28,1965.34
2820,Jack Martinez,37,Female,Phoenix,2024-02-28,1406.64
2821,Alice Smith,41,Male,New York,2024-10-01,1152.39
2822,Grace Garcia,22,Female,Miami,2025-10-17,1060.92
2823,Eva Miller,51,Female,Phoenix,2024-04-15,5977.46
2824,Tina Garcia,23,Female,Seattle,2026-01-24,194.76
2825,Oscar Martinez,19,Female,Chicago,2024-10-31,3553.86
2826,Steve Martinez,30,Female,Phoenix,2025-10-07,1913.72
2827,Tina Garcia,60,Female,Chicago,2025-05-30,1344.47
2828,Henry Davis,60,Male,Los Angeles,2024-05-10,2717.3
2829,Rachel Miller,65,Female,New York,2024-11-22,2183.2
2830,Nina Smith,28,Male,Chicago,2024-08-04,1189.74
2831,Victor Miller,68,Male,Los Angeles,2026-05-02,6385.29
2832,Henry Garcia,64,Male,New York,2025-03-01,8108.7
2833,Nina Martinez,40,Female,New York,2025-11-05,2887.53
2834,Quentin Davis,33,Male,Houston,2024-09-02,2004.07
2835,Jack Brown,48,Male,Houston,2026-08-06,1266.62
2836,Bob Garcia,28,Male,New York,2024-08-22,1451.95
2837,Charlie Jones,33,Female,Miami,2024-07-28,2034.1
2838,Nina Brown,25,Male,Los Angeles,2025-11-27,724.42
2839,Steve Jones,21,Female,Miami,2024-03-12,229.87
2840,Henry Brown,57,Female,Seattle,2025-03-29,4982.35
2841,Ivy Williams,21,Female,Los Angeles,2023-09-19,1341.41
2842,Rachel Jones,42,Female,Los Angeles,2024-02-05,3286.72
2843,Ivy Martinez,20,Female,Denver,2026-07-27,255.03
2844,Tina Davis,49,Male,Miami,2025-10-21,1855.22
2845,Paula Smith,20,Female,Los Angeles,2026-04-06,0.0
2846,Charlie Miller,44,Male,Houston,2025-02-19,1077.42
2847,Oscar Garcia,46,Male,Phoenix,2025-06-17,4422.44
2848,Jack Johnson,49,Female,Miami,2025-01-30,1939.79
2849,Steve Williams,67,Female,Miami,2024-02-12,4594.19
2850,Grace Jones,68,Male,Houston,2025-09-03,2797.68
2851,Grace Brown,36,Male,Phoenix,2026-06-27,0.0
2852,Henry Brown,38,Male,Miami,2024-11-06,3073.18
2853,Diana Johnson,22,Male,Denver,2024-07-25,777.6
2854,Steve Smith,35,Female,Miami,2023-09-23,1935.34
2855,Quentin Jones,45,Female,Chicago,2025-06-16,2113.49
2856,Ivy Miller,59,Male,Chicago,2026-07-22,1818.87
2857,Rachel Miller,39,Female,New York,2023-12-29,3788.51
2858,Mike Miller,38,Male,Denver,2026-07-05,3530.92
2859,Rachel Davis,23,Female,New York,2024-05-13,618.82
2860,Grace Miller,18,Male,Miami,2023-10-04,1965.71
2861,Victor Jones,22,Male,Phoenix,2025-09-19,0.0
2862,Ivy Davis,58,Female,Miami,2025-01-07,1219.25
2863,Quentin Miller,29,Male,Seattle,2024-09-20,1984.63
2864,Mike Miller,43,Female,Denver,2025-10-11,5020.34
2865,Tina Williams,63,Male,Los Angeles,2024-09-12,3285.7
2866,Henry Martinez,51,Female,Seattle,2025-03-15,934.94
2867,Eva Williams,66,Female,New York,2024-10-15,2935.45
2868,Oscar Davis,31,Male,Miami,2024-09-05,485.7
2869,Jack Jones,43,Male,Seattle,2026-06-02,2516.4
2870,Frank Smith,62,Male,Phoenix,2024-03-30,2414.4
2871,Diana Davis,44,Female,Phoenix,2026-05-12,1092.86
2872,Mike Martinez,26,Female,Miami,2025-09-18,422.04
2873,Oscar Johnson,43,Female,Houston,2023-10-20,2641.01
2874,Jack Garcia,64,Female,Denver,2024-09-01,3726.26
2875,Charlie Miller,39,Female,Denver,2026-03-13,1630.81
2876,Frank Garcia,64,Female,Seattle,2024-07-02,2731.72
2877,Charlie Williams,47,Female,Houston,2024-02-03,2151.21
2878,Laura Jones,60,Female,Seattle,2025-06-13,1263.86
2879,Paula Garcia,65,Female,Seattle,2025-03-18,3874.53
2880,Frank Smith,34,Male,Houston,2024-08-17,1046.93
2881,Charlie Brown,43,Male,Seattle,2025-02-06,2311.81
2882,Diana Johnson,53,Female,New York,2024-04-07,1811.39
2883,Nina Martinez,18,Male,Los Angeles,2023-11-02,441.87
2884,Victor Williams,25,Male,Seattle,2025-02-28,1116.92
2885,Henry Brown,66,Female,Denver,2025-06-04,3275.14
2886,Eva Martinez,52,Male,New York,2024-05-25,4412.81
2887,Mike Garcia,69,Female,Denver,2023-11-20,4068.63
2888,Steve Davis,32,Male,Chicago,2025-03-20,820.72
2889,Tina Miller,64,Female,Miami,2026-04-02,1361.41
2890,Steve Brown,39,Male,Denver,2026-05-23,802.96
2891,Mike Miller,31,Female,Chicago,2025-06-01,711.18
2892,Alice Smith,43,Male,Miami,2025-05-23,3927.5
2893,Quentin Martinez,45,Male,Denver,2025-04-19,3824.8
2894,Jack Smith,40,Female,Phoenix,2026-05-14,1843.66
2895,Alice Martinez,31,Female,Houston,2024-12-26,1802.22
2896,Steve Miller,41,Female,Houston,2025-12-31,592.6
2897,Nina Miller,19,Male,Phoenix,2024-08-09,939.69
2898,Oscar Brown,62,Female,Phoenix,2024-02-19,4206.67
2899,Ivy Miller,43,Male,Los Angeles,2026-09-03,1699.33
2900,Eva Jones,31,Male,Denver,2024-09-17,4073.08
2901,Ivy Davis,68,Male,Miami,2026-03-25,2386.14
2902,Eva Smith,24,Male,Chicago,2023-10-19,3466.84
2903,Jack Jones,20,Male,Denver,2024-04-06,1336.57
2904,Henry Johnson,64,Male,New York,2023-09-26,2924.5
2905,Grace Garcia,40,Female,Phoenix,2026-06-16,275.95
2906,Mike Davis,63,Male,Miami,2026-06-26,3111.5
2907,Eva Smith,60,Female,Seattle,2024-02-21,5261.34
2908,Steve Davis,64,Male,Houston,2024-02-03,8334.6
2909,Nina Smith,62,Male,Houston,2025-02-03,800.53
2910,Paula Brown,35,Male,Houston,2025-11-06,2753.3
2911,Diana Martinez,55,Male,Denver,2026-04-10,1748.28
2912,Jack Garcia,52,Male,New York,2025-11-14,1063.32
2913,Diana Jones,68,Female,Phoenix,2026-08-11,4506.86
2914,Mike Smith,32,Male,Los Angeles,2024-10-20,1050.2
2915,Oscar Garcia,42,Male,Chicago,2025-01-05,5429.82
2916,Tina Johnson,54,Female,Houston,2025-03-28,2218.46
2917,Bob Davis,45,Male,Miami,2023-09-28,3953.4
2918,Henry Williams,27,Female,Los Angeles,2024-03-11,51.84
2919,Bob Smith,56,Female,Chicago,2025-08-03,2917.56
2920,Eva Davis,34,Male,Miami,2024-04-16,3002.58
2921,Paula Brown,56,Male,Seattle,2025-08-21,3472.16
2922,Eva Jones,39,Male,Denver,2025-09-12,1242.44
2923,Steve Jones,43,Female,Houston,2026-02-22,3751.3
2924,Steve Garcia,61,Female,Denver,2024-09-26,1052.41
2925,Victor Martinez,42,Male,Los Angeles,2025-03-26,4859.13
2926,Eva Davis,34,Female,Phoenix,2026-09-01,2763.73
2927,Paula Smith,30,Female,Chicago,2025-09-30,586.45
2928,Victor Garcia,37,Male,Miami,2023-10-18,3736.9
2929,Steve Miller,42,Male,Denver,2024-01-17,1669.26
2930,Victor Jones,21,Female,Seattle,2024-07-21,43.68
2931,Diana Johnson,27,Male,New York,2025-06-30,412.08
2932,Frank Smith,20,Male,Los Angeles,2024-06-01,874.08
2933,Grace Johnson,58,Male,Seattle,2026-05-31,2374.08
2934,Rachel Jones,62,Male,Miami,2026-06-09,4169.98
2935,Victor Johnson,35,Male,Houston,2024-12-05,116.2
2936,Charlie Davis,64,Male,Miami,2026-06-12,1504.18
2937,Mike Smith,53,Female,New York,2026-01-08,1067.72
2938,Jack Johnson,64,Male,Los Angeles,2024-02-01,1500.72
2939,Henry Martinez,39,Female,Houston,2024-04-04,116.51
2940,Rachel Brown,51,Male,Seattle,2024-10-09,0.0
2941,Tina Garcia,64,Female,Seattle,2024-04-13,2394.85
2942,Frank Williams,25,Female,Miami,2024-04-10,411.66
2943,Steve Davis,57,Female,Miami,2024-07-29,1745.26
2944,Mike Miller,66,Female,Miami,2025-07-05,1299.39
2945,Tina Martinez,61,Male,Seattle,2025-01-14,2866.72
2946,Mike Davis,36,Female,Seattle,2025-02-11,416.49
2947,Bob Jones,59,Male,Chicago,2023-09-10,1159.36
2948,Alice Jones,58,Male,Houston,2025-05-20,6914.95
2949,Alice Jones,54,Male,Los Angeles,2025-06-15,4860.33
2950,Paula Garcia,23,Male,Chicago,2023-11-26,5504.34
2951,Mike Brown,69,Male,Phoenix,2025-03-05,2096.44
2952,Charlie Miller,43,Male,Los Angeles,2025-05-17,5047.01
2953,Quentin Williams,51,Female,Los Angeles,2025-07-05,1717.06
2954,Bob Miller,62,Male,New York,2025-05-17,3205.09
2955,Mike Miller,23,Female,Los Angeles,2025-07-25,1313.92
2956,Victor Smith,54,Female,New York,2024-12-17,3816.35
2957,Rachel Smith,50,Female,Chicago,2025-05-26,1787.96
2958,Rachel Brown,39,Male,New York,2025-07-10,1405.34
2959,Paula Martinez,38,Male,Houston,2025-11-22,229.37
2960,Jack Miller,23,Male,Chicago,2026-02-10,0.0
2961,Charlie Davis,23,Male,Seattle,2025-07-29,817.6
2962,Charlie Miller,65,Female,Chicago,2025-02-28,1206.38
2963,Quentin Martinez,21,Male,Denver,2024-06-12,102.52
2964,Tina Brown,47,Male,Houston,2025-11-27,626.46
2965,Ivy Miller,28,Female,Los Angeles,2024-02-03,1001.46
2966,Oscar Miller,47,Female,Miami,2024-04-27,1142.07
2967,Laura Garcia,48,Male,Phoenix,2024-10-04,2811.78
2968,Mike Davis,41,Male,Denver,2024-08-21,3234.94
2969,Henry Brown,26,Female,Chicago,2023-12-10,3005.9
2970,Diana Smith,20,Male,Chicago,2024-03-03,250.74
2971,Alice Garcia,68,Male,Phoenix,2025-04-21,5969.98
2972,Quentin Smith,48,Female,Houston,2026-03-19,1935.03
2973,Grace Martinez,57,Female,Denver,2024-11-16,3387.14
2974,Alice Miller,54,Male,Phoenix,2024-06-25,4922.84
2975,Bob Jones,53,Male,Phoenix,2024-08-23,4807.81
2976,Paula Smith,41,Male,Seattle,2023-12-27,511.77
2977,Mike Johnson,48,Male,Phoenix,2025-03-18,1632.62
2978,Henry Miller,23,Male,Miami,2025-11-09,761.21
2979,Victor Martinez,19,Male,Chicago,2026-05-29,1363.91
2980,Rachel Davis,37,Male,New York,2024-10-21,274.79
2981,Rachel Jones,45,Female,Denver,2025-01-28,0.0
2982,Frank Smith,28,Female,Miami,2025-11-23,69.24
2983,Jack Brown,21,Female,New York,2025-09-06,1180.47
2984,Nina Smith,32,Female,Houston,2025-02-18,4581.76
2985,Laura Miller,23,Male,Los Angeles,2024-07-16,656.44
2986,Rachel Brown,66,Female,Houston,2025-10-31,2616.4
2987,Oscar Jones,47,Female,Denver,2024-07-18,3653.36
2988,Grace Williams,55,Male,Chicago,2024-06-05,1902.13
2989,Rachel Williams,68,Female,Chicago,2025-06-03,3775.76
2990,Laura Johnson,19,Male,Chicago,2024-07-29,951.27
2991,Eva Smith,32,Female,Seattle,2025-06-21,1791.49
2992,Jack Davis,28,Female,Chicago,2025-12-30,0.0
2993,Diana Williams,25,Male,New York,2024-09-28,1795.94
2994,Victor Brown,43,Male,Houston,2025-03-09,1929.4
2995,Mike Johnson,68,Female,Chicago,2023-11-02,3999.04
2996,Victor Davis,62,Female,Chicago,2026-07-04,888.34
2997,Quentin Davis,61,Male,Chicago,2025-11-11,2289.0
2998,Henry Smith,22,Female,New York,2024-10-09,254.78
2999,Oscar Brown,23,Male,Houston,2025-03-15,695.02
3000,Frank Davis,43,Female,Miami,2024-01-23,2093.65
